INSERT INTO Aeroporto (ICAO, IATA, Nome, Città, Stato) VALUES
('LIRF', 'FCO', 'Rome Fiumicino', 'Rome', 'Italy'),
('LIMC', 'MXP', 'Milan Malpensa', 'Milan', 'Italy'),
('LIPZ', 'VCE', 'Venice Marco Polo', 'Venice', 'Italy'),
('LIRN', 'NAP', 'Naples International', 'Naples', 'Italy'),
('LICC', 'CTA', 'Catania Fontanarossa', 'Catania', 'Italy'),
('LIRP', 'PSA', 'Pisa Galileo Galilei', 'Pisa', 'Italy'),
('LIPE', 'BLQ', 'Bologna Guglielmo Marconi', 'Bologna', 'Italy'),
('LIMJ', 'GOA', 'Genoa Cristoforo Colombo', 'Genoa', 'Italy'),
('LIML', 'LIN', 'Milan Linate', 'Milan', 'Italy'),
('LIEE', 'CAG', 'Cagliari Elmas', 'Cagliari', 'Italy'),
('LIMF', 'TRN', 'Turin Caselle', 'Turin', 'Italy'),
('LICJ', 'PMO', 'Palermo Falcone Borsellino', 'Palermo', 'Italy'),
('LIPR', 'RMI', 'Rimini Federico Fellini', 'Rimini', 'Italy'),
('LIRQ', 'FLR', 'Florence Peretola', 'Florence', 'Italy'),
('LIPX', 'VRN', 'Verona Villafranca', 'Verona', 'Italy'),
('LICT', 'TPS', 'Trapani Birgi', 'Trapani', 'Italy'),
('LIEO', 'OLB', 'Olbia Costa Smeralda', 'Olbia', 'Italy'),
('LIBD', 'BRI', 'Bari Karol Wojtyla', 'Bari', 'Italy'),
('LICD', 'LMP', 'Lampedusa', 'Lampedusa', 'Italy'),
('LICA', 'SUF', 'Lamezia Terme', 'Lamezia Terme', 'Italy');

INSERT INTO CompagniaAerea (ICAO, IATA, Nome, Stato) VALUES
('AZAL', 'AZ', 'Ita Airways', 'Italy'),
('RYR', 'FR', 'Ryanair', 'Ireland'),
('EZY', 'U2', 'EasyJet', 'UK'),
('DLH', 'LH', 'Lufthansa', 'Germany'),
('AFR', 'AF', 'Air France', 'France');


INSERT INTO Aeromobile (ID, Modello, Costruttore, Capacità, CompagniaICAO) VALUES
('A6AOB', 'A320', 'Airbus', 180, 'AZAL'),
('EIEMI', 'A320', 'Airbus', 180, 'RYR'),
('GECIO', 'A320', 'Airbus', 180, 'EZY'),
('DAIBA', '737-800', 'Boeing', 189, 'RYR'),
('DAIBB', '737-800', 'Boeing', 189, 'DLH'),
('EIIMB', 'A321', 'Airbus', 220, 'AZAL'),
('GEZIW', 'A321', 'Airbus', 220, 'EZY'),
('DAIBC', '737-800', 'Boeing', 189, 'RYR'),
('DAIBD', '737-800', 'Boeing', 189, 'DLH'),
('FGLZU', 'A320', 'Airbus', 180, 'AFR'),
('FGLZV', 'A320', 'Airbus', 180, 'AFR'),
('EIEPC', '737-800', 'Boeing', 189, 'RYR'),
('EIEMM', '737-800', 'Boeing', 189, 'RYR'),
('GECIS', 'A320', 'Airbus', 180, 'EZY'),
('A6EOB', 'A380', 'Airbus', 853, 'AZAL'),
('GEOIB', 'A380', 'Airbus', 853, 'EZY'),
('DABBB', '747-8', 'Boeing', 410, 'DLH'),
('N787A', '787-9', 'Boeing', 290, 'AFR'),
('N787B', '787-9', 'Boeing', 290, 'RYR'),
('FGLYM', 'A350', 'Airbus', 440, 'AFR');

INSERT INTO Gate (AeroportoICAO, Terminal, Numero) VALUES
('LIRF', 'T1', 1),
('LIRF', 'T1', 2),
('LIMC', 'T1', 1),
('LIMC', 'T1', 2),
('LIPZ', 'T2', 1),
('LIPZ', 'T2', 2),
('LIRN', 'T1', 1),
('LIRN', 'T1', 2),
('LICC', 'T1', 1),
('LICC', 'T1', 2),
('LIRP', 'T1', 1),
('LIRP', 'T1', 2),
('LIPE', 'T1', 1),
('LIPE', 'T1', 2),
('LIMJ', 'T1', 1),
('LIMJ', 'T1', 2),
('LIML', 'T1', 1),
('LIML', 'T1', 2),
('LIEE', 'T1', 1),
('LIEE', 'T1', 2),
('LIMF', 'T1', 1),
('LIMF', 'T1', 2),
('LICJ', 'T1', 1),
('LICJ', 'T1', 2),
('LIPR', 'T1', 1),
('LIPR', 'T1', 2),
('LIRQ', 'T1', 1),
('LIRQ', 'T1', 2),
('LIPX', 'T1', 1),
('LIPX', 'T1', 2),
('LICT', 'T1', 1),
('LICT', 'T1', 2),
('LIEO', 'T1', 1),
('LIEO', 'T1', 2),
('LIBD', 'T1', 1),
('LIBD', 'T1', 2),
('LICD', 'T1', 1),
('LICD', 'T1', 2),
('LICA', 'T1', 1),
('LICA', 'T1', 2);

INSERT INTO Passeggero (ID, Nome, Cognome, Nazionalità, DataDiNascita) VALUES
(1, 'Mario', 'Rossi', 'Italy', '1980-01-15'),
(2, 'Luigi', 'Bianchi', 'Italy', '1985-02-20'),
(3, 'Giuseppe', 'Verdi', 'Italy', '1990-03-25'),
(4, 'Francesco', 'Esposito', 'Italy', '1975-04-30'),
(5, 'Paolo', 'Galli', 'Italy', '1982-05-10'),
(6, 'Antonio', 'Ferrari', 'Italy', '1978-06-15'),
(7, 'Giovanni', 'Romano', 'Italy', '1983-07-20'),
(8, 'Giorgio', 'Bruno', 'Italy', '1987-08-25'),
(9, 'Angelo', 'De Luca', 'Italy', '1981-09-05'),
(10, 'Leonardo', 'Ricci', 'Italy', '1992-10-15'),
(11, 'Alessandro', 'Moretti', 'Italy', '1986-11-20'),
(12, 'Andrea', 'Lombardi', 'Italy', '1979-12-30'),
(13, 'Marco', 'Conti', 'Italy', '1984-01-05'),
(14, 'Simone', 'Neri', 'Italy', '1980-02-10'),
(15, 'Stefano', 'Costa', 'Italy', '1985-03-15'),
(16, 'Federico', 'Rizzo', 'Italy', '1990-04-25'),
(17, 'Luca', 'Landi', 'Italy', '1975-05-05'),
(18, 'Matteo', 'Galli', 'Italy', '1982-06-10'),
(19, 'Davide', 'Monti', 'Italy', '1978-07-15'),
(20, 'Massimo', 'Pellegrini', 'Italy', '1983-08-20'),
(21, 'Francesca', 'Ricci', 'Italy', '1987-09-25'),
(22, 'Sara', 'Ferri', 'Italy', '1981-10-05'),
(23, 'Laura', 'Bianchi', 'Italy', '1992-11-15'),
(24, 'Valentina', 'Grassi', 'Italy', '1986-12-20'),
(25, 'Giulia', 'Sartori', 'Italy', '1979-01-30'),
(26, 'Federica', 'Martini', 'Italy', '1984-02-05'),
(27, 'Elena', 'Rizzi', 'Italy', '1980-03-10'),
(28, 'Martina', 'Gatti', 'Italy', '1985-04-20'),
(29, 'Chiara', 'Ferraro', 'Italy', '1990-05-25'),
(30, 'Silvia', 'Monti', 'Italy', '1975-06-30'),
(31, 'Ilaria', 'Giordano', 'Italy', '1982-07-10'),
(32, 'Michele', 'Marino', 'Italy', '1978-08-15'),
(33, 'Fabio', 'Longo', 'Italy', '1983-09-20'),
(34, 'Giulio', 'Sorrentino', 'Italy', '1987-10-25'),
(35, 'Roberto', 'Serra', 'Italy', '1981-11-05'),
(36, 'Alberto', 'Greco', 'Italy', '1992-12-15'),
(37, 'Davide', 'Sala', 'Italy', '1986-01-20'),
(38, 'Christian', 'Farina', 'Italy', '1979-02-20'),
(39, 'Emanuele', 'Guerra', 'Italy', '1984-03-05'),
(40, 'Cristian', 'Palumbo', 'Italy', '1980-04-10'),
(41, 'Salvatore', 'Amato', 'Italy', '1985-05-15'),
(42, 'Riccardo', 'Basile', 'Italy', '1990-06-25'),
(43, 'Daniela', 'Fabbri', 'Italy', '1975-07-05'),
(44, 'Serena', 'Fontana', 'Italy', '1982-08-10'),
(45, 'Elisa', 'Testa', 'Italy', '1978-09-15'),
(46, 'Francesco', 'Leone', 'Italy', '1983-10-20'),
(47, 'Simona', 'Valentini', 'Italy', '1987-11-25'),
(48, 'Alessia', 'Rinaldi', 'Italy', '1981-12-05'),
(49, 'Claudia', 'Pellegrini', 'Italy', '1992-01-15'),
(50, 'Debora', 'Lombardo', 'Italy', '1986-02-20');

INSERT INTO Volo (NumeroVolo, DataOraPartenza, DataOraArrivo, AeroportoPartenzaICAO, AeroportoArrivoICAO, CompagniaICAO, AircraftID, TerminalPartenza, NumeroGatePartenza, TerminalArrivo, NumeroGateArrivo) VALUES
('AZ001', '2023-01-01 08:00:00', '2023-01-01 10:00:00', 'LIRF', 'LIMC', 'AZAL', 'A6AOB', 'T1', 1, 'T1', 1),
('AZ002', '2023-01-02 08:00:00', '2023-01-02 10:00:00', 'LIMC', 'LIRF', 'AZAL', 'A6AOB', 'T1', 1, 'T1', 1),
('FR001', '2023-01-03 09:00:00', '2023-01-03 11:00:00', 'LIRF', 'LIPZ', 'RYR', 'EIEMI', 'T1', 2, 'T2', 1),
('FR002', '2023-01-04 09:00:00', '2023-01-04 11:00:00', 'LIPZ', 'LIRF', 'RYR', 'EIEMI', 'T2', 1, 'T1', 2),
('EZY001', '2023-01-05 10:00:00', '2023-01-05 12:00:00', 'LIMC', 'LIRN', 'EZY', 'GECIO', 'T1', 2, 'T1', 1),
('EZY002', '2023-01-06 10:00:00', '2023-01-06 12:00:00', 'LIRN', 'LIMC', 'EZY', 'GECIO', 'T1', 1, 'T1', 2),
('DLH001', '2023-01-07 07:00:00', '2023-01-07 09:00:00', 'LIRF', 'LIML', 'DLH', 'DAIBA', 'T1', 1, 'T1', 1),
('DLH002', '2023-01-08 07:00:00', '2023-01-08 09:00:00', 'LIML', 'LIRF', 'DLH', 'DAIBA', 'T1', 1, 'T1', 1),
('AF001', '2023-01-09 11:00:00', '2023-01-09 13:00:00', 'LIRP', 'LIMF', 'AFR', 'FGLZU', 'T1', 1, 'T1', 1),
('AF002', '2023-01-10 11:00:00', '2023-01-10 13:00:00', 'LIMF', 'LIRP', 'AFR', 'FGLZU', 'T1', 1, 'T1', 1),
('AZ003', '2023-01-11 08:00:00', '2023-01-11 10:00:00', 'LIRF', 'LIPZ', 'AZAL', 'A6AOB', 'T1', 1, 'T2', 1),
('AZ004', '2023-01-12 08:00:00', '2023-01-12 10:00:00', 'LIPZ', 'LIRF', 'AZAL', 'A6AOB', 'T2', 1, 'T1', 1),
('FR003', '2023-01-13 09:00:00', '2023-01-13 11:00:00', 'LIMC', 'LIRN', 'RYR', 'EIEMI', 'T1', 2, 'T1', 1),
('FR004', '2023-01-14 09:00:00', '2023-01-14 11:00:00', 'LIRN', 'LIMC', 'RYR', 'EIEMI', 'T1', 1, 'T1', 2),
('EZY003', '2023-01-15 10:00:00', '2023-01-15 12:00:00', 'LIRF', 'LIML', 'EZY', 'GECIO', 'T1', 2, 'T1', 1),
('EZY004', '2023-01-16 10:00:00', '2023-01-16 12:00:00', 'LIML', 'LIRF', 'EZY', 'GECIO', 'T1', 1, 'T1', 2),
('DLH003', '2023-01-17 07:00:00', '2023-01-17 09:00:00', 'LIPZ', 'LIRN', 'DLH', 'DAIBA', 'T2', 1, 'T1', 1),
('DLH004', '2023-01-18 07:00:00', '2023-01-18 09:00:00', 'LIRN', 'LIPZ', 'DLH', 'DAIBA', 'T1', 1, 'T2', 1),
('AF003', '2023-01-19 11:00:00', '2023-01-19 13:00:00', 'LIMC', 'LIMF', 'AFR', 'FGLZU', 'T1', 1, 'T1', 1),
('AF004', '2023-01-20 11:00:00', '2023-01-20 13:00:00', 'LIMF', 'LIMC', 'AFR', 'FGLZU', 'T1', 1, 'T1', 1),
('AZ005', '2023-01-21 08:00:00', '2023-01-21 10:00:00', 'LIRF', 'LICC', 'AZAL', 'A6AOB', 'T1', 1, 'T1', 1),
('AZ006', '2023-01-22 08:00:00', '2023-01-22 10:00:00', 'LICC', 'LIRF', 'AZAL', 'A6AOB', 'T1', 1, 'T1', 1),
('FR005', '2023-01-23 09:00:00', '2023-01-23 11:00:00', 'LIMC', 'LIPR', 'RYR', 'EIEMI', 'T1', 2, 'T1', 1),
('FR006', '2023-01-24 09:00:00', '2023-01-24 11:00:00', 'LIPR', 'LIMC', 'RYR', 'EIEMI', 'T1', 1, 'T1', 2),
('EZY005', '2023-01-25 10:00:00', '2023-01-25 12:00:00', 'LIRF', 'LIRQ', 'EZY', 'GECIO', 'T1', 2, 'T1', 1),
('EZY006', '2023-01-26 10:00:00', '2023-01-26 12:00:00', 'LIRQ', 'LIRF', 'EZY', 'GECIO', 'T1', 1, 'T1', 2),
('DLH005', '2023-01-27 07:00:00', '2023-01-27 09:00:00', 'LIRP', 'LIML', 'DLH', 'DAIBA', 'T1', 1, 'T1', 1),
('DLH006', '2023-01-28 07:00:00', '2023-01-28 09:00:00', 'LIML', 'LIRP', 'DLH', 'DAIBA', 'T1', 1, 'T1', 1),
('AF005', '2023-01-29 11:00:00', '2023-01-29 13:00:00', 'LIMF', 'LIPX', 'AFR', 'FGLZU', 'T1', 1, 'T1', 1),
('AF006', '2023-01-30 11:00:00', '2023-01-30 13:00:00', 'LIPX', 'LIMF', 'AFR', 'FGLZU', 'T1', 1, 'T1', 1),
('AZ007', '2023-01-31 08:00:00', '2023-01-31 10:00:00', 'LIRF', 'LIMF', 'AZAL', 'A6AOB', 'T1', 1, 'T1', 1),
('AZ008', '2023-02-01 08:00:00', '2023-02-01 10:00:00', 'LIMF', 'LIRF', 'AZAL', 'A6AOB', 'T1', 1, 'T1', 1),
('FR007', '2023-02-02 09:00:00', '2023-02-02 11:00:00', 'LIPR', 'LIMC', 'RYR', 'EIEMI', 'T1', 2, 'T1', 1),
('FR008', '2023-02-03 09:00:00', '2023-02-03 11:00:00', 'LIMC', 'LIPR', 'RYR', 'EIEMI', 'T1', 1, 'T1', 2),
('EZY007', '2023-02-04 10:00:00', '2023-02-04 12:00:00', 'LIRQ', 'LIRP', 'EZY', 'GECIO', 'T1', 2, 'T1', 1),
('EZY008', '2023-02-05 10:00:00', '2023-02-05 12:00:00', 'LIRP', 'LIRQ', 'EZY', 'GECIO', 'T1', 1, 'T1', 2),
('DLH007', '2023-02-06 07:00:00', '2023-02-06 09:00:00', 'LIRN', 'LIMF', 'DLH', 'DAIBA', 'T1', 1, 'T1', 1),
('DLH008', '2023-02-07 07:00:00', '2023-02-07 09:00:00', 'LIMF', 'LIRN', 'DLH', 'DAIBA', 'T1', 1, 'T1', 1),
('AF007', '2023-02-08 11:00:00', '2023-02-08 13:00:00', 'LIRF', 'LIML', 'AFR', 'FGLZU', 'T1', 1, 'T1', 1),
('AF008', '2023-02-09 11:00:00', '2023-02-09 13:00:00', 'LIML', 'LIRF', 'AFR', 'FGLZU', 'T1', 1, 'T1', 1),
('AZ009', '2023-02-10 08:00:00', '2023-02-10 10:00:00', 'LIRF', 'LIMC', 'AZAL', 'A6AOB', 'T1', 1, 'T1', 1),
('AZ010', '2023-02-11 08:00:00', '2023-02-11 10:00:00', 'LIMC', 'LIRF', 'AZAL', 'A6AOB', 'T1', 1, 'T1', 1),
('FR009', '2023-02-12 09:00:00', '2023-02-12 11:00:00', 'LIRF', 'LIPZ', 'RYR', 'EIEMI', 'T1', 2, 'T2', 1),
('FR010', '2023-02-13 09:00:00', '2023-02-13 11:00:00', 'LIPZ', 'LIRF', 'RYR', 'EIEMI', 'T2', 1, 'T1', 2),
('EZY009', '2023-02-14 10:00:00', '2023-02-14 12:00:00', 'LIMC', 'LIRN', 'EZY', 'GECIO', 'T1', 2, 'T1', 1),
('EZY010', '2023-02-15 10:00:00', '2023-02-15 12:00:00', 'LIRN', 'LIMC', 'EZY', 'GECIO', 'T1', 1, 'T1', 2),
('DLH009', '2023-02-16 07:00:00', '2023-02-16 09:00:00', 'LIRF', 'LIML', 'DLH', 'DAIBA', 'T1', 1, 'T1', 1),
('DLH010', '2023-02-17 07:00:00', '2023-02-17 09:00:00', 'LIML', 'LIRF', 'DLH', 'DAIBA', 'T1', 1, 'T1', 1),
('AF009', '2023-02-18 11:00:00', '2023-02-18 13:00:00', 'LIRP', 'LIMF', 'AFR', 'FGLZU', 'T1', 1, 'T1', 1),
('AF010', '2023-02-19 11:00:00', '2023-02-19 13:00:00', 'LIMF', 'LIRP', 'AFR', 'FGLZU', 'T1', 1, 'T1', 1),
('AZ011', '2023-02-20 08:00:00', '2023-02-20 10:00:00', 'LIRF', 'LIPZ', 'AZAL', 'A6AOB', 'T1', 1, 'T2', 1),
('AZ012', '2023-02-21 08:00:00', '2023-02-21 10:00:00', 'LIPZ', 'LIRF', 'AZAL', 'A6AOB', 'T2', 1, 'T1', 1),
('FR011', '2023-02-22 09:00:00', '2023-02-22 11:00:00', 'LIMC', 'LIRN', 'RYR', 'EIEMI', 'T1', 2, 'T1', 1),
('FR012', '2023-02-23 09:00:00', '2023-02-23 11:00:00', 'LIRN', 'LIMC', 'RYR', 'EIEMI', 'T1', 1, 'T1', 2),
('EZY011', '2023-02-24 10:00:00', '2023-02-24 12:00:00', 'LIRF', 'LIML', 'EZY', 'GECIO', 'T1', 2, 'T1', 1),
('EZY012', '2023-02-25 10:00:00', '2023-02-25 12:00:00', 'LIML', 'LIRF', 'EZY', 'GECIO', 'T1', 1, 'T1', 2),
('DLH011', '2023-02-26 07:00:00', '2023-02-26 09:00:00', 'LIPZ', 'LIRN', 'DLH', 'DAIBA', 'T2', 1, 'T1', 1),
('DLH012', '2023-02-27 07:00:00', '2023-02-27 09:00:00', 'LIRN', 'LIPZ', 'DLH', 'DAIBA', 'T1', 1, 'T2', 1),
('AF011', '2023-02-28 11:00:00', '2023-02-28 13:00:00', 'LIMC', 'LIMF', 'AFR', 'FGLZU', 'T1', 1, 'T1', 1),
('AF012', '2023-03-01 11:00:00', '2023-03-01 13:00:00', 'LIMF', 'LIMC', 'AFR', 'FGLZU', 'T1', 1, 'T1', 1),
('AZ013', '2023-03-02 08:00:00', '2023-03-02 10:00:00', 'LIRF', 'LICC', 'AZAL', 'A6AOB', 'T1', 1, 'T1', 1),
('AZ014', '2023-03-03 08:00:00', '2023-03-03 10:00:00', 'LICC', 'LIRF', 'AZAL', 'A6AOB', 'T1', 1, 'T1', 1),
('FR013', '2023-03-04 09:00:00', '2023-03-04 11:00:00', 'LIMC', 'LIPR', 'RYR', 'EIEMI', 'T1', 2, 'T1', 1),
('FR014', '2023-03-05 09:00:00', '2023-03-05 11:00:00', 'LIPR', 'LIMC', 'RYR', 'EIEMI', 'T1', 1, 'T1', 2),
('EZY013', '2023-03-06 10:00:00', '2023-03-06 12:00:00', 'LIRF', 'LIRQ', 'EZY', 'GECIO', 'T1', 2, 'T1', 1),
('EZY014', '2023-03-07 10:00:00', '2023-03-07 12:00:00', 'LIRQ', 'LIRF', 'EZY', 'GECIO', 'T1', 1, 'T1', 2),
('DLH013', '2023-03-08 07:00:00', '2023-03-08 09:00:00', 'LIRP', 'LIML', 'DLH', 'DAIBA', 'T1', 1, 'T1', 1),
('DLH014', '2023-03-09 07:00:00', '2023-03-09 09:00:00', 'LIML', 'LIRP', 'DLH', 'DAIBA', 'T1', 1, 'T1', 1),
('AF013', '2023-03-10 11:00:00', '2023-03-10 13:00:00', 'LIMF', 'LIPX', 'AFR', 'FGLZU', 'T1', 1, 'T1', 1),
('AF014', '2023-03-11 11:00:00', '2023-03-11 13:00:00', 'LIPX', 'LIMF', 'AFR', 'FGLZU', 'T1', 1, 'T1', 1),
('AZ015', '2023-03-12 08:00:00', '2023-03-12 10:00:00', 'LIRF', 'LIMF', 'AZAL', 'A6AOB', 'T1', 1, 'T1', 1),
('AZ016', '2023-03-13 08:00:00', '2023-03-13 10:00:00', 'LIMF', 'LIRF', 'AZAL', 'A6AOB', 'T1', 1, 'T1', 1),
('FR015', '2023-03-14 09:00:00', '2023-03-14 11:00:00', 'LIPR', 'LIMC', 'RYR', 'EIEMI', 'T1', 2, 'T1', 1),
('FR016', '2023-03-15 09:00:00', '2023-03-15 11:00:00', 'LIMC', 'LIPR', 'RYR', 'EIEMI', 'T1', 1, 'T1', 2),
('EZY015', '2023-03-16 10:00:00', '2023-03-16 12:00:00', 'LIRQ', 'LIRP', 'EZY', 'GECIO', 'T1', 2, 'T1', 1),
('EZY016', '2023-03-17 10:00:00', '2023-03-17 12:00:00', 'LIRP', 'LIRQ', 'EZY', 'GECIO', 'T1', 1, 'T1', 2),
('DLH015', '2023-03-18 07:00:00', '2023-03-18 09:00:00', 'LIRN', 'LIMF', 'DLH', 'DAIBA', 'T1', 1, 'T1', 1),
('DLH016', '2023-03-19 07:00:00', '2023-03-19 09:00:00', 'LIMF', 'LIRN', 'DLH', 'DAIBA', 'T1', 1, 'T1', 1),
('AF015', '2023-03-20 11:00:00', '2023-03-20 13:00:00', 'LIRF', 'LIML', 'AFR', 'FGLZU', 'T1', 1, 'T1', 1),
('AF016', '2023-03-21 11:00:00', '2023-03-21 13:00:00', 'LIML', 'LIRF', 'AFR', 'FGLZU', 'T1', 1, 'T1', 1),
('AZ017', '2023-03-22 08:00:00', '2023-03-22 10:00:00', 'LIRF', 'LIMC', 'AZAL', 'A6AOB', 'T1', 1, 'T1', 1),
('AZ018', '2023-03-23 08:00:00', '2023-03-23 10:00:00', 'LIMC', 'LIRF', 'AZAL', 'A6AOB', 'T1', 1, 'T1', 1),
('FR017', '2023-03-24 09:00:00', '2023-03-24 11:00:00', 'LIRF', 'LIPZ', 'RYR', 'EIEMI', 'T1', 2, 'T2', 1),
('FR018', '2023-03-25 09:00:00', '2023-03-25 11:00:00', 'LIPZ', 'LIRF', 'RYR', 'EIEMI', 'T2', 1, 'T1', 2),
('EZY017', '2023-03-26 10:00:00', '2023-03-26 12:00:00', 'LIMC', 'LIRN', 'EZY', 'GECIO', 'T1', 2, 'T1', 1),
('EZY018', '2023-03-27 10:00:00', '2023-03-27 12:00:00', 'LIRN', 'LIMC', 'EZY', 'GECIO', 'T1', 1, 'T1', 2),
('DLH017', '2023-03-28 07:00:00', '2023-03-28 09:00:00', 'LIRF', 'LIML', 'DLH', 'DAIBA', 'T1', 1, 'T1', 1),
('DLH018', '2023-03-29 07:00:00', '2023-03-29 09:00:00', 'LIML', 'LIRF', 'DLH', 'DAIBA', 'T1', 1, 'T1', 1),
('AF017', '2023-03-30 11:00:00', '2023-03-30 13:00:00', 'LIRP', 'LIMF', 'AFR', 'FGLZU', 'T1', 1, 'T1', 1),
('AF018', '2023-03-31 11:00:00', '2023-03-31 13:00:00', 'LIMF', 'LIRP', 'AFR', 'FGLZU', 'T1', 1, 'T1', 1),
('AZ019', '2023-04-01 08:00:00', '2023-04-01 10:00:00', 'LIRF', 'LIPZ', 'AZAL', 'A6AOB', 'T1', 1, 'T2', 1),
('AZ020', '2023-04-02 08:00:00', '2023-04-02 10:00:00', 'LIPZ', 'LIRF', 'AZAL', 'A6AOB', 'T2', 1, 'T1', 1),
('FR019', '2023-04-03 09:00:00', '2023-04-03 11:00:00', 'LIMC', 'LIRN', 'RYR', 'EIEMI', 'T1', 2, 'T1', 1),
('FR020', '2023-04-04 09:00:00', '2023-04-04 11:00:00', 'LIRN', 'LIMC', 'RYR', 'EIEMI', 'T1', 1, 'T1', 2),
('EZY019', '2023-04-05 10:00:00', '2023-04-05 12:00:00', 'LIRF', 'LIML', 'EZY', 'GECIO', 'T1', 2, 'T1', 1),
('EZY020', '2023-04-06 10:00:00', '2023-04-06 12:00:00', 'LIML', 'LIRF', 'EZY', 'GECIO', 'T1', 1, 'T1', 2),
('DLH019', '2023-04-07 07:00:00', '2023-04-07 09:00:00', 'LIPZ', 'LIRN', 'DLH', 'DAIBA', 'T2', 1, 'T1', 1),
('DLH020', '2023-04-08 07:00:00', '2023-04-08 09:00:00', 'LIRN', 'LIPZ', 'DLH', 'DAIBA', 'T1', 1, 'T2', 1),
('AF019', '2023-04-09 11:00:00', '2023-04-09 13:00:00', 'LIMC', 'LIMF', 'AFR', 'FGLZU', 'T1', 1, 'T1', 1),
('AF020', '2023-04-10 11:00:00', '2023-04-10 13:00:00', 'LIMF', 'LIMC', 'AFR', 'FGLZU', 'T1', 1, 'T1', 1),
('AZ021', '2023-04-11 08:00:00', '2023-04-11 10:00:00', 'LIRF', 'LICC', 'AZAL', 'A6AOB', 'T1', 1, 'T1', 1),
('AZ022', '2023-04-12 08:00:00', '2023-04-12 10:00:00', 'LICC', 'LIRF', 'AZAL', 'A6AOB', 'T1', 1, 'T1', 1),
('FR021', '2023-04-13 09:00:00', '2023-04-13 11:00:00', 'LIMC', 'LIPR', 'RYR', 'EIEMI', 'T1', 2, 'T1', 1),
('FR022', '2023-04-14 09:00:00', '2023-04-14 11:00:00', 'LIPR', 'LIMC', 'RYR', 'EIEMI', 'T1', 1, 'T1', 2),
('EZY021', '2023-04-15 10:00:00', '2023-04-15 12:00:00', 'LIRF', 'LIRQ', 'EZY', 'GECIO', 'T1', 2, 'T1', 1),
('EZY022', '2023-04-16 10:00:00', '2023-04-16 12:00:00', 'LIRQ', 'LIRF', 'EZY', 'GECIO', 'T1', 1, 'T1', 2),
('DLH021', '2023-04-17 07:00:00', '2023-04-17 09:00:00', 'LIRP', 'LIML', 'DLH', 'DAIBA', 'T1', 1, 'T1', 1),
('DLH022', '2023-04-18 07:00:00', '2023-04-18 09:00:00', 'LIML', 'LIRP', 'DLH', 'DAIBA', 'T1', 1, 'T1', 1),
('AF021', '2023-04-19 11:00:00', '2023-04-19 13:00:00', 'LIMF', 'LIPX', 'AFR', 'FGLZU', 'T1', 1, 'T1', 1),
('AF022', '2023-04-20 11:00:00', '2023-04-20 13:00:00', 'LIPX', 'LIMF', 'AFR', 'FGLZU', 'T1', 1, 'T1', 1),
('AZ023', '2023-04-21 08:00:00', '2023-04-21 10:00:00', 'LIRF', 'LIMF', 'AZAL', 'A6AOB', 'T1', 1, 'T1', 1),
('AZ024', '2023-04-22 08:00:00', '2023-04-22 10:00:00', 'LIMF', 'LIRF', 'AZAL', 'A6AOB', 'T1', 1, 'T1', 1),
('FR023', '2023-04-23 09:00:00', '2023-04-23 11:00:00', 'LIPR', 'LIMC', 'RYR', 'EIEMI', 'T1', 2, 'T1', 1),
('FR024', '2023-04-24 09:00:00', '2023-04-24 11:00:00', 'LIMC', 'LIPR', 'RYR', 'EIEMI', 'T1', 1, 'T1', 2),
('EZY023', '2023-04-25 10:00:00', '2023-04-25 12:00:00', 'LIRQ', 'LIRP', 'EZY', 'GECIO', 'T1', 2, 'T1', 1),
('EZY024', '2023-04-26 10:00:00', '2023-04-26 12:00:00', 'LIRP', 'LIRQ', 'EZY', 'GECIO', 'T1', 1, 'T1', 2),
('DLH023', '2023-04-27 07:00:00', '2023-04-27 09:00:00', 'LIRN', 'LIMF', 'DLH', 'DAIBA', 'T1', 1, 'T1', 1),
('DLH024', '2023-04-28 07:00:00', '2023-04-28 09:00:00', 'LIMF', 'LIRN', 'DLH', 'DAIBA', 'T1', 1, 'T1', 1),
('AF023', '2023-04-29 11:00:00', '2023-04-29 13:00:00', 'LIRF', 'LIML', 'AFR', 'FGLZU', 'T1', 1, 'T1', 1),
('AF024', '2023-04-30 11:00:00', '2023-04-30 13:00:00', 'LIML', 'LIRF', 'AFR', 'FGLZU', 'T1', 1, 'T1', 1),
('AZ025', '2023-05-01 08:00:00', '2023-05-01 10:00:00', 'LIRF', 'LIMC', 'AZAL', 'A6AOB', 'T1', 1, 'T1', 1),
('AZ026', '2023-05-02 08:00:00', '2023-05-02 10:00:00', 'LIMC', 'LIRF', 'AZAL', 'A6AOB', 'T1', 1, 'T1', 1),
('FR025', '2023-05-03 09:00:00', '2023-05-03 11:00:00', 'LIRF', 'LIPZ', 'RYR', 'EIEMI', 'T1', 2, 'T2', 1),
('FR026', '2023-05-04 09:00:00', '2023-05-04 11:00:00', 'LIPZ', 'LIRF', 'RYR', 'EIEMI', 'T2', 1, 'T1', 2),
('EZY025', '2023-05-05 10:00:00', '2023-05-05 12:00:00', 'LIMC', 'LIRN', 'EZY', 'GECIO', 'T1', 2, 'T1', 1),
('EZY026', '2023-05-06 10:00:00', '2023-05-06 12:00:00', 'LIRN', 'LIMC', 'EZY', 'GECIO', 'T1', 1, 'T1', 2),
('DLH025', '2023-05-07 07:00:00', '2023-05-07 09:00:00', 'LIRF', 'LIML', 'DLH', 'DAIBA', 'T1', 1, 'T1', 1),
('DLH026', '2023-05-08 07:00:00', '2023-05-08 09:00:00', 'LIML', 'LIRF', 'DLH', 'DAIBA', 'T1', 1, 'T1', 1),
('AF025', '2023-05-09 11:00:00', '2023-05-09 13:00:00', 'LIRP', 'LIMF', 'AFR', 'FGLZU', 'T1', 1, 'T1', 1),
('AF026', '2023-05-10 11:00:00', '2023-05-10 13:00:00', 'LIMF', 'LIRP', 'AFR', 'FGLZU', 'T1', 1, 'T1', 1),
('AZ027', '2023-05-11 08:00:00', '2023-05-11 10:00:00', 'LIRF', 'LIPZ', 'AZAL', 'A6AOB', 'T1', 1, 'T2', 1),
('AZ028', '2023-05-12 08:00:00', '2023-05-12 10:00:00', 'LIPZ', 'LIRF', 'AZAL', 'A6AOB', 'T2', 1, 'T1', 1),
('FR027', '2023-05-13 09:00:00', '2023-05-13 11:00:00', 'LIMC', 'LIRN', 'RYR', 'EIEMI', 'T1', 2, 'T1', 1),
('FR028', '2023-05-14 09:00:00', '2023-05-14 11:00:00', 'LIRN', 'LIMC', 'RYR', 'EIEMI', 'T1', 1, 'T1', 2),
('EZY027', '2023-05-15 10:00:00', '2023-05-15 12:00:00', 'LIRF', 'LIML', 'EZY', 'GECIO', 'T1', 2, 'T1', 1),
('EZY028', '2023-05-16 10:00:00', '2023-05-16 12:00:00', 'LIML', 'LIRF', 'EZY', 'GECIO', 'T1', 1, 'T1', 2),
('DLH027', '2023-05-17 07:00:00', '2023-05-17 09:00:00', 'LIPZ', 'LIRN', 'DLH', 'DAIBA', 'T2', 1, 'T1', 1),
('DLH028', '2023-05-18 07:00:00', '2023-05-18 09:00:00', 'LIRN', 'LIPZ', 'DLH', 'DAIBA', 'T1', 1, 'T2', 1),
('AF027', '2023-05-19 11:00:00', '2023-05-19 13:00:00', 'LIMC', 'LIMF', 'AFR', 'FGLZU', 'T1', 1, 'T1', 1),
('AF028', '2023-05-20 11:00:00', '2023-05-20 13:00:00', 'LIMF', 'LIMC', 'AFR', 'FGLZU', 'T1', 1, 'T1', 1),
('AZ029', '2023-05-21 08:00:00', '2023-05-21 10:00:00', 'LIRF', 'LICC', 'AZAL', 'A6AOB', 'T1', 1, 'T1', 1),
('AZ030', '2023-05-22 08:00:00', '2023-05-22 10:00:00', 'LICC', 'LIRF', 'AZAL', 'A6AOB', 'T1', 1, 'T1', 1),
('FR029', '2023-05-23 09:00:00', '2023-05-23 11:00:00', 'LIMC', 'LIPR', 'RYR', 'EIEMI', 'T1', 2, 'T1', 1),
('FR030', '2023-05-24 09:00:00', '2023-05-24 11:00:00', 'LIPR', 'LIMC', 'RYR', 'EIEMI', 'T1', 1, 'T1', 2),
('EZY029', '2023-05-25 10:00:00', '2023-05-25 12:00:00', 'LIRF', 'LIRQ', 'EZY', 'GECIO', 'T1', 2, 'T1', 1),
('EZY030', '2023-05-26 10:00:00', '2023-05-26 12:00:00', 'LIRQ', 'LIRF', 'EZY', 'GECIO', 'T1', 1, 'T1', 2),
('DLH029', '2023-05-27 07:00:00', '2023-05-27 09:00:00', 'LIRP', 'LIML', 'DLH', 'DAIBA', 'T1', 1, 'T1', 1),
('DLH030', '2023-05-28 07:00:00', '2023-05-28 09:00:00', 'LIML', 'LIRP', 'DLH', 'DAIBA', 'T1', 1, 'T1', 1),
('AF029', '2023-05-29 11:00:00', '2023-05-29 13:00:00', 'LIMF', 'LIPX', 'AFR', 'FGLZU', 'T1', 1, 'T1', 1),
('AF030', '2023-05-30 11:00:00', '2023-05-30 13:00:00', 'LIPX', 'LIMF', 'AFR', 'FGLZU', 'T1', 1, 'T1', 1),
('AZ031', '2023-05-31 08:00:00', '2023-05-31 10:00:00', 'LIRF', 'LIMF', 'AZAL', 'A6AOB', 'T1', 1, 'T1', 1),
('AZ032', '2023-06-01 08:00:00', '2023-06-01 10:00:00', 'LIMF', 'LIRF', 'AZAL', 'A6AOB', 'T1', 1, 'T1', 1),
('FR031', '2023-06-02 09:00:00', '2023-06-02 11:00:00', 'LIPR', 'LIMC', 'RYR', 'EIEMI', 'T1', 2, 'T1', 1),
('FR032', '2023-06-03 09:00:00', '2023-06-03 11:00:00', 'LIMC', 'LIPR', 'RYR', 'EIEMI', 'T1', 1, 'T1', 2),
('EZY031', '2023-06-04 10:00:00', '2023-06-04 12:00:00', 'LIRQ', 'LIRP', 'EZY', 'GECIO', 'T1', 2, 'T1', 1),
('EZY032', '2023-06-05 10:00:00', '2023-06-05 12:00:00', 'LIRP', 'LIRQ', 'EZY', 'GECIO', 'T1', 1, 'T1', 2),
('DLH031', '2023-06-06 07:00:00', '2023-06-06 09:00:00', 'LIRN', 'LIMF', 'DLH', 'DAIBA', 'T1', 1, 'T1', 1),
('DLH032', '2023-06-07 07:00:00', '2023-06-07 09:00:00', 'LIMF', 'LIRN', 'DLH', 'DAIBA', 'T1', 1, 'T1', 1),
('AF031', '2023-06-08 11:00:00', '2023-06-08 13:00:00', 'LIRF', 'LIML', 'AFR', 'FGLZU', 'T1', 1, 'T1', 1),
('AF032', '2023-06-09 11:00:00', '2023-06-09 13:00:00', 'LIML', 'LIRF', 'AFR', 'FGLZU', 'T1', 1, 'T1', 1),
('AZ033', '2023-06-10 08:00:00', '2023-06-10 10:00:00', 'LIRF', 'LIMC', 'AZAL', 'A6AOB', 'T1', 1, 'T1', 1),
('AZ034', '2023-06-11 08:00:00', '2023-06-11 10:00:00', 'LIMC', 'LIRF', 'AZAL', 'A6AOB', 'T1', 1, 'T1', 1),
('FR033', '2023-06-12 09:00:00', '2023-06-12 11:00:00', 'LIRF', 'LIPZ', 'RYR', 'EIEMI', 'T1', 2, 'T2', 1),
('FR034', '2023-06-13 09:00:00', '2023-06-13 11:00:00', 'LIPZ', 'LIRF', 'RYR', 'EIEMI', 'T2', 1, 'T1', 2),
('EZY033', '2023-06-14 10:00:00', '2023-06-14 12:00:00', 'LIMC', 'LIRN', 'EZY', 'GECIO', 'T1', 2, 'T1', 1),
('EZY034', '2023-06-15 10:00:00', '2023-06-15 12:00:00', 'LIRN', 'LIMC', 'EZY', 'GECIO', 'T1', 1, 'T1', 2),
('DLH033', '2023-06-16 07:00:00', '2023-06-16 09:00:00', 'LIRF', 'LIML', 'DLH', 'DAIBA', 'T1', 1, 'T1', 1),
('DLH034', '2023-06-17 07:00:00', '2023-06-17 09:00:00', 'LIML', 'LIRF', 'DLH', 'DAIBA', 'T1', 1, 'T1', 1),
('AF033', '2023-06-18 11:00:00', '2023-06-18 13:00:00', 'LIRP', 'LIMF', 'AFR', 'FGLZU', 'T1', 1, 'T1', 1),
('AF034', '2023-06-19 11:00:00', '2023-06-19 13:00:00', 'LIMF', 'LIRP', 'AFR', 'FGLZU', 'T1', 1, 'T1', 1),
('AZ035', '2023-06-20 08:00:00', '2023-06-20 10:00:00', 'LIRF', 'LIPZ', 'AZAL', 'A6AOB', 'T1', 1, 'T2', 1),
('AZ036', '2023-06-21 08:00:00', '2023-06-21 10:00:00', 'LIPZ', 'LIRF', 'AZAL', 'A6AOB', 'T2', 1, 'T1', 1),
('FR035', '2023-06-22 09:00:00', '2023-06-22 11:00:00', 'LIMC', 'LIRN', 'RYR', 'EIEMI', 'T1', 2, 'T1', 1),
('FR036', '2023-06-23 09:00:00', '2023-06-23 11:00:00', 'LIRN', 'LIMC', 'RYR', 'EIEMI', 'T1', 1, 'T1', 2),
('EZY035', '2023-06-24 10:00:00', '2023-06-24 12:00:00', 'LIRF', 'LIML', 'EZY', 'GECIO', 'T1', 2, 'T1', 1),
('EZY036', '2023-06-25 10:00:00', '2023-06-25 12:00:00', 'LIML', 'LIRF', 'EZY', 'GECIO', 'T1', 1, 'T1', 2),
('DLH035', '2023-06-26 07:00:00', '2023-06-26 09:00:00', 'LIPZ', 'LIRN', 'DLH', 'DAIBA', 'T2', 1, 'T1', 1),
('DLH036', '2023-06-27 07:00:00', '2023-06-27 09:00:00', 'LIRN', 'LIPZ', 'DLH', 'DAIBA', 'T1', 1, 'T2', 1),
('AF035', '2023-06-28 11:00:00', '2023-06-28 13:00:00', 'LIMC', 'LIMF', 'AFR', 'FGLZU', 'T1', 1, 'T1', 1),
('AF036', '2023-06-29 11:00:00', '2023-06-29 13:00:00', 'LIMF', 'LIMC', 'AFR', 'FGLZU', 'T1', 1, 'T1', 1),
('AZ037', '2023-06-30 08:00:00', '2023-06-30 10:00:00', 'LIRF', 'LICC', 'AZAL', 'A6AOB', 'T1', 1, 'T1', 1),
('AZ038', '2023-07-01 08:00:00', '2023-07-01 10:00:00', 'LICC', 'LIRF', 'AZAL', 'A6AOB', 'T1', 1, 'T1', 1),
('FR037', '2023-07-02 09:00:00', '2023-07-02 11:00:00', 'LIMC', 'LIPR', 'RYR', 'EIEMI', 'T1', 2, 'T1', 1),
('FR038', '2023-07-03 09:00:00', '2023-07-03 11:00:00', 'LIPR', 'LIMC', 'RYR', 'EIEMI', 'T1', 1, 'T1', 2),
('EZY037', '2023-07-04 10:00:00', '2023-07-04 12:00:00', 'LIRF', 'LIRQ', 'EZY', 'GECIO', 'T1', 2, 'T1', 1),
('EZY038', '2023-07-05 10:00:00', '2023-07-05 12:00:00', 'LIRQ', 'LIRF', 'EZY', 'GECIO', 'T1', 1, 'T1', 2),
('DLH037', '2023-07-06 07:00:00', '2023-07-06 09:00:00', 'LIRP', 'LIML', 'DLH', 'DAIBA', 'T1', 1, 'T1', 1),
('DLH038', '2023-07-07 07:00:00', '2023-07-07 09:00:00', 'LIML', 'LIRP', 'DLH', 'DAIBA', 'T1', 1, 'T1', 1),
('AF037', '2023-07-08 11:00:00', '2023-07-08 13:00:00', 'LIMF', 'LIPX', 'AFR', 'FGLZU', 'T1', 1, 'T1', 1),
('AF038', '2023-07-09 11:00:00', '2023-07-09 13:00:00', 'LIPX', 'LIMF', 'AFR', 'FGLZU', 'T1', 1, 'T1', 1),
('AZ039', '2023-07-10 08:00:00', '2023-07-10 10:00:00', 'LIRF', 'LIMF', 'AZAL', 'A6AOB', 'T1', 1, 'T1', 1),
('AZ040', '2023-07-11 08:00:00', '2023-07-11 10:00:00', 'LIMF', 'LIRF', 'AZAL', 'A6AOB', 'T1', 1, 'T1', 1),
('FR039', '2023-07-12 09:00:00', '2023-07-12 11:00:00', 'LIPR', 'LIMC', 'RYR', 'EIEMI', 'T1', 2, 'T1', 1),
('FR040', '2023-07-13 09:00:00', '2023-07-13 11:00:00', 'LIMC', 'LIPR', 'RYR', 'EIEMI', 'T1', 1, 'T1', 2),
('EZY039', '2023-07-14 10:00:00', '2023-07-14 12:00:00', 'LIRQ', 'LIRP', 'EZY', 'GECIO', 'T1', 2, 'T1', 1),
('EZY040', '2023-07-15 10:00:00', '2023-07-15 12:00:00', 'LIRP', 'LIRQ', 'EZY', 'GECIO', 'T1', 1, 'T1', 2),
('DLH039', '2023-07-16 07:00:00', '2023-07-16 09:00:00', 'LIRN', 'LIMF', 'DLH', 'DAIBA', 'T1', 1, 'T1', 1),
('DLH040', '2023-07-17 07:00:00', '2023-07-17 09:00:00', 'LIMF', 'LIRN', 'DLH', 'DAIBA', 'T1', 1, 'T1', 1),
('AF039', '2023-07-18 11:00:00', '2023-07-18 13:00:00', 'LIRF', 'LIML', 'AFR', 'FGLZU', 'T1', 1, 'T1', 1),
('AF040', '2023-07-19 11:00:00', '2023-07-19 13:00:00', 'LIML', 'LIRF', 'AFR', 'FGLZU', 'T1', 1, 'T1', 1);


INSERT INTO Prenotazione (Numero, PasseggeroID, NumeroVolo, DataVolo, Classe, Prezzo) VALUES
('PN001', 1, 'AZ001', '2023-01-01 08:00:00', 'Economy', 100.00),
('PN002', 2, 'AZ002', '2023-01-02 08:00:00', 'Economy', 100.00),
('PN003', 3, 'FR001', '2023-01-03 09:00:00', 'Economy', 50.00),
('PN004', 4, 'FR002', '2023-01-04 09:00:00', 'Economy', 50.00),
('PN005', 5, 'EZY001', '2023-01-05 10:00:00', 'Business', 150.00),
('PN006', 6, 'EZY002', '2023-01-06 10:00:00', 'Business', 150.00),
('PN007', 7, 'DLH001', '2023-01-07 07:00:00', 'Economy', 80.00),
('PN008', 8, 'DLH002', '2023-01-08 07:00:00', 'Economy', 80.00),
('PN009', 9, 'AF001', '2023-01-09 11:00:00', 'First', 200.00),
('PN010', 10, 'AF002', '2023-01-10 11:00:00', 'First', 200.00),
('PN011', 11, 'AZ003', '2023-01-11 08:00:00', 'Economy', 100.00),
('PN012', 12, 'AZ004', '2023-01-12 08:00:00', 'Economy', 100.00),
('PN013', 13, 'FR003', '2023-01-13 09:00:00', 'Economy', 50.00),
('PN014', 14, 'FR004', '2023-01-14 09:00:00', 'Economy', 50.00),
('PN015', 15, 'EZY003', '2023-01-15 10:00:00', 'Business', 150.00),
('PN016', 16, 'EZY004', '2023-01-16 10:00:00', 'Business', 150.00),
('PN017', 17, 'DLH003', '2023-01-17 07:00:00', 'Economy', 80.00),
('PN018', 18, 'DLH004', '2023-01-18 07:00:00', 'Economy', 80.00),
('PN019', 19, 'AF003', '2023-01-19 11:00:00', 'First', 200.00),
('PN020', 20, 'AF004', '2023-01-20 11:00:00', 'First', 200.00),
('PN021', 21, 'AZ005', '2023-01-21 08:00:00', 'Economy', 100.00),
('PN022', 22, 'AZ006', '2023-01-22 08:00:00', 'Economy', 100.00),
('PN023', 23, 'FR005', '2023-01-23 09:00:00', 'Economy', 50.00),
('PN024', 24, 'FR006', '2023-01-24 09:00:00', 'Economy', 50.00),
('PN025', 25, 'EZY005', '2023-01-25 10:00:00', 'Business', 150.00),
('PN026', 26, 'EZY006', '2023-01-26 10:00:00', 'Business', 150.00),
('PN027', 27, 'DLH005', '2023-01-27 07:00:00', 'Economy', 80.00),
('PN028', 28, 'DLH006', '2023-01-28 07:00:00', 'Economy', 80.00),
('PN029', 29, 'AF005', '2023-01-29 11:00:00', 'First', 200.00),
('PN030', 30, 'AF006', '2023-01-30 11:00:00', 'First', 200.00),
('PN031', 31, 'AZ007', '2023-01-31 08:00:00', 'Economy', 100.00),
('PN032', 32, 'AZ008', '2023-02-01 08:00:00', 'Economy', 100.00),
('PN033', 33, 'FR007', '2023-02-02 09:00:00', 'Economy', 50.00),
('PN034', 34, 'FR008', '2023-02-03 09:00:00', 'Economy', 50.00),
('PN035', 35, 'EZY007', '2023-02-04 10:00:00', 'Business', 150.00),
('PN036', 36, 'EZY008', '2023-02-05 10:00:00', 'Business', 150.00),
('PN037', 37, 'DLH007', '2023-02-06 07:00:00', 'Economy', 80.00),
('PN038', 38, 'DLH008', '2023-02-07 07:00:00', 'Economy', 80.00),
('PN039', 39, 'AF007', '2023-02-08 11:00:00', 'First', 200.00),
('PN040', 40, 'AF008', '2023-02-09 11:00:00', 'First', 200.00),
('PN041', 41, 'AZ009', '2023-02-10 08:00:00', 'Economy', 100.00),
('PN042', 42, 'AZ010', '2023-02-11 08:00:00', 'Economy', 100.00),
('PN043', 43, 'FR009', '2023-02-12 09:00:00', 'Economy', 50.00),
('PN044', 44, 'FR010', '2023-02-13 09:00:00', 'Economy', 50.00),
('PN045', 45, 'EZY009', '2023-02-14 10:00:00', 'Business', 150.00),
('PN046', 46, 'EZY010', '2023-02-15 10:00:00', 'Business', 150.00),
('PN047', 47, 'DLH009', '2023-02-16 07:00:00', 'Economy', 80.00),
('PN048', 48, 'DLH010', '2023-02-17 07:00:00', 'Economy', 80.00),
('PN049', 49, 'AF009', '2023-02-18 11:00:00', 'First', 200.00),
('PN050', 50, 'AF010', '2023-02-19 11:00:00', 'First', 200.00),
('PN051', 1, 'AZ011', '2023-02-20 08:00:00', 'Economy', 100.00),
('PN052', 2, 'AZ012', '2023-02-21 08:00:00', 'Economy', 100.00),
('PN053', 3, 'FR011', '2023-02-22 09:00:00', 'Economy', 50.00),
('PN054', 4, 'FR012', '2023-02-23 09:00:00', 'Economy', 50.00),
('PN055', 5, 'EZY011', '2023-02-24 10:00:00', 'Business', 150.00),
('PN056', 6, 'EZY012', '2023-02-25 10:00:00', 'Business', 150.00),
('PN057', 7, 'DLH011', '2023-02-26 07:00:00', 'Economy', 80.00),
('PN058', 8, 'DLH012', '2023-02-27 07:00:00', 'Economy', 80.00),
('PN059', 9, 'AF011', '2023-02-28 11:00:00', 'First', 200.00),
('PN060', 10, 'AF012', '2023-03-01 11:00:00', 'First', 200.00),
('PN061', 11, 'AZ013', '2023-03-02 08:00:00', 'Economy', 100.00),
('PN062', 12, 'AZ014', '2023-03-03 08:00:00', 'Economy', 100.00),
('PN063', 13, 'FR013', '2023-03-04 09:00:00', 'Economy', 50.00),
('PN064', 14, 'FR014', '2023-03-05 09:00:00', 'Economy', 50.00),
('PN065', 15, 'EZY013', '2023-03-06 10:00:00', 'Business', 150.00),
('PN066', 16, 'EZY014', '2023-03-07 10:00:00', 'Business', 150.00),
('PN067', 17, 'DLH013', '2023-03-08 07:00:00', 'Economy', 80.00),
('PN068', 18, 'DLH014', '2023-03-09 07:00:00', 'Economy', 80.00),
('PN069', 19, 'AF013', '2023-03-10 11:00:00', 'First', 200.00),
('PN070', 20, 'AF014', '2023-03-11 11:00:00', 'First', 200.00),
('PN071', 21, 'AZ015', '2023-03-12 08:00:00', 'Economy', 100.00),
('PN072', 22, 'AZ016', '2023-03-13 08:00:00', 'Economy', 100.00),
('PN073', 23, 'FR015', '2023-03-14 09:00:00', 'Economy', 50.00),
('PN074', 24, 'FR016', '2023-03-15 09:00:00', 'Economy', 50.00),
('PN075', 25, 'EZY015', '2023-03-16 10:00:00', 'Business', 150.00),
('PN076', 26, 'EZY016', '2023-03-17 10:00:00', 'Business', 150.00),
('PN077', 27, 'DLH015', '2023-03-18 07:00:00', 'Economy', 80.00),
('PN078', 28, 'DLH016', '2023-03-19 07:00:00', 'Economy', 80.00),
('PN079', 29, 'AF015', '2023-03-20 11:00:00', 'First', 200.00),
('PN080', 30, 'AF016', '2023-03-21 11:00:00', 'First', 200.00),
('PN081', 31, 'AZ017', '2023-03-22 08:00:00', 'Economy', 100.00),
('PN082', 32, 'AZ018', '2023-03-23 08:00:00', 'Economy', 100.00),
('PN083', 33, 'FR017', '2023-03-24 09:00:00', 'Economy', 50.00),
('PN084', 34, 'FR018', '2023-03-25 09:00:00', 'Economy', 50.00),
('PN085', 35, 'EZY017', '2023-03-26 10:00:00', 'Business', 150.00),
('PN086', 36, 'EZY018', '2023-03-27 10:00:00', 'Business', 150.00),
('PN087', 37, 'DLH017', '2023-03-28 07:00:00', 'Economy', 80.00),
('PN088', 38, 'DLH018', '2023-03-29 07:00:00', 'Economy', 80.00),
('PN089', 39, 'AF017', '2023-03-30 11:00:00', 'First', 200.00),
('PN090', 40, 'AF018', '2023-03-31 11:00:00', 'First', 200.00),
('PN091', 41, 'AZ019', '2023-04-01 08:00:00', 'Economy', 100.00),
('PN092', 42, 'AZ020', '2023-04-02 08:00:00', 'Economy', 100.00),
('PN093', 43, 'FR019', '2023-04-03 09:00:00', 'Economy', 50.00),
('PN094', 44, 'FR020', '2023-04-04 09:00:00', 'Economy', 50.00),
('PN095', 45, 'EZY019', '2023-04-05 10:00:00', 'Business', 150.00),
('PN096', 46, 'EZY020', '2023-04-06 10:00:00', 'Business', 150.00),
('PN097', 47, 'DLH019', '2023-04-07 07:00:00', 'Economy', 80.00),
('PN098', 48, 'DLH020', '2023-04-08 07:00:00', 'Economy', 80.00),
('PN099', 49, 'AF019', '2023-04-09 11:00:00', 'First', 200.00),
('PN100', 50, 'AF020', '2023-04-10 11:00:00', 'First', 200.00);


INSERT INTO Personale (ID, Nome, Cognome, CompagniaICAO) VALUES
(1, 'Mario', 'Rossi', 'AZAL'),
(2, 'Luigi', 'Verdi', 'AZAL'),
(3, 'Giuseppe', 'Bianchi', 'AZAL'),
(4, 'Francesco', 'Esposito', 'RYR'),
(5, 'Paolo', 'Galli', 'RYR'),
(6, 'Antonio', 'Ferrari', 'RYR'),
(7, 'Giovanni', 'Romano', 'EZY'),
(8, 'Giorgio', 'Bruno', 'EZY'),
(9, 'Angelo', 'De Luca', 'EZY'),
(10, 'Leonardo', 'Ricci', 'DLH'),
(11, 'Alessandro', 'Moretti', 'DLH'),
(12, 'Andrea', 'Lombardi', 'DLH'),
(13, 'Marco', 'Conti', 'AFR'),
(14, 'Simone', 'Neri', 'AFR'),
(15, 'Stefano', 'Costa', 'AFR'),
(16, 'Federico', 'Rizzo', 'AZAL'),
(17, 'Luca', 'Landi', 'AZAL'),
(18, 'Matteo', 'Galli', 'AZAL'),
(19, 'Davide', 'Monti', 'RYR'),
(20, 'Massimo', 'Pellegrini', 'RYR'),
(21, 'Francesca', 'Ricci', 'RYR'),
(22, 'Sara', 'Ferri', 'EZY'),
(23, 'Laura', 'Bianchi', 'EZY'),
(24, 'Valentina', 'Grassi', 'EZY'),
(25, 'Giulia', 'Sartori', 'DLH'),
(26, 'Federica', 'Martini', 'DLH'),
(27, 'Elena', 'Rizzi', 'DLH'),
(28, 'Martina', 'Gatti', 'AFR'),
(29, 'Chiara', 'Ferraro', 'AFR'),
(30, 'Silvia', 'Monti', 'AFR'),
(31, 'Federico', 'Rossi', 'AZAL'),
(32, 'Lorenzo', 'Verdi', 'AZAL'),
(33, 'Matteo', 'Bianchi', 'RYR'),
(34, 'Tommaso', 'Esposito', 'RYR'),
(35, 'Edoardo', 'Galli', 'EZY'),
(36, 'Alberto', 'Ferrari', 'EZY'),
(37, 'Stefano', 'Romano', 'DLH'),
(38, 'Davide', 'Bruno', 'DLH'),
(39, 'Giuseppe', 'De Luca', 'AFR'),
(40, 'Giovanni', 'Ricci', 'AFR');


-- Inserimento dei piloti
INSERT INTO Piloti (ID, Ruolo) VALUES
(1, 'Captain'),
(2, 'First Officer'),
(3, 'Captain'),
(4, 'First Officer'),
(5, 'Captain'),
(6, 'First Officer'),
(7, 'Captain'),
(8, 'First Officer'),
(9, 'Captain'),
(10, 'First Officer'),
(31, 'Captain'),
(32, 'First Officer'),
(33, 'Captain'),
(34, 'First Officer'),
(35, 'Captain'),
(36, 'First Officer'),
(37, 'Captain'),
(38, 'First Officer'),
(39, 'Captain'),
(40, 'First Officer');

INSERT INTO AssistentiDiVolo (ID, Anzianità) VALUES
(11, 5),
(12, 3),
(13, 7),
(14, 10),
(15, 2),
(16, 6),
(17, 8),
(18, 4),
(19, 9),
(20, 1),
(21, 7),
(22, 5),
(23, 3),
(24, 10),
(25, 2),
(26, 6),
(27, 8),
(28, 4),
(29, 9),
(30, 1);

-- Assegnazione del personale ai voli con due piloti ciascuno
INSERT INTO AssegnazioneEquipaggio (DataVolo, NumeroVolo, PersonaleID) VALUES
('2023-01-01 08:00:00', 'AZ001', 1),
('2023-01-01 08:00:00', 'AZ001', 2),
('2023-01-02 08:00:00', 'AZ002', 3),
('2023-01-02 08:00:00', 'AZ002', 4),
('2023-01-03 09:00:00', 'FR001', 5),
('2023-01-03 09:00:00', 'FR001', 6),
('2023-01-04 09:00:00', 'FR002', 7),
('2023-01-04 09:00:00', 'FR002', 8),
('2023-01-05 10:00:00', 'EZY001', 9),
('2023-01-05 10:00:00', 'EZY001', 10),
('2023-01-06 10:00:00', 'EZY002', 11),
('2023-01-06 10:00:00', 'EZY002', 12),
('2023-01-07 07:00:00', 'DLH001', 13),
('2023-01-07 07:00:00', 'DLH001', 14),
('2023-01-08 07:00:00', 'DLH002', 15),
('2023-01-08 07:00:00', 'DLH002', 16),
('2023-01-09 11:00:00', 'AF001', 17),
('2023-01-09 11:00:00', 'AF001', 18),
('2023-01-10 11:00:00', 'AF002', 19),
('2023-01-10 11:00:00', 'AF002', 20),
('2023-01-11 08:00:00', 'AZ003', 1),
('2023-01-11 08:00:00', 'AZ003', 2),
('2023-01-12 08:00:00', 'AZ004', 3),
('2023-01-12 08:00:00', 'AZ004', 4),
('2023-01-13 09:00:00', 'FR003', 5),
('2023-01-13 09:00:00', 'FR003', 6),
('2023-01-14 09:00:00', 'FR004', 7),
('2023-01-14 09:00:00', 'FR004', 8),
('2023-01-15 10:00:00', 'EZY003', 9),
('2023-01-15 10:00:00', 'EZY003', 10),
('2023-01-16 10:00:00', 'EZY004', 11),
('2023-01-16 10:00:00', 'EZY004', 12),
('2023-01-17 07:00:00', 'DLH003', 13),
('2023-01-17 07:00:00', 'DLH003', 14),
('2023-01-18 07:00:00', 'DLH004', 15),
('2023-01-18 07:00:00', 'DLH004', 16),
('2023-01-19 11:00:00', 'AF003', 17),
('2023-01-19 11:00:00', 'AF003', 18),
('2023-01-20 11:00:00', 'AF004', 19),
('2023-01-20 11:00:00', 'AF004', 20),
('2023-01-21 08:00:00', 'AZ005', 1),
('2023-01-21 08:00:00', 'AZ005', 2),
('2023-01-22 08:00:00', 'AZ006', 3),
('2023-01-22 08:00:00', 'AZ006', 4),
('2023-01-23 09:00:00', 'FR005', 5),
('2023-01-23 09:00:00', 'FR005', 6),
('2023-01-24 09:00:00', 'FR006', 7),
('2023-01-24 09:00:00', 'FR006', 8),
('2023-01-25 10:00:00', 'EZY005', 9),
('2023-01-25 10:00:00', 'EZY005', 10),
('2023-01-26 10:00:00', 'EZY006', 11),
('2023-01-26 10:00:00', 'EZY006', 12),
('2023-01-27 07:00:00', 'DLH005', 13),
('2023-01-27 07:00:00', 'DLH005', 14),
('2023-01-28 07:00:00', 'DLH006', 15),
('2023-01-28 07:00:00', 'DLH006', 16),
('2023-01-29 11:00:00', 'AF005', 17),
('2023-01-29 11:00:00', 'AF005', 18),
('2023-01-30 11:00:00', 'AF006', 19),
('2023-01-30 11:00:00', 'AF006', 20),
('2023-01-31 08:00:00', 'AZ007', 1),
('2023-01-31 08:00:00', 'AZ007', 2),
('2023-02-01 08:00:00', 'AZ008', 3),
('2023-02-01 08:00:00', 'AZ008', 4),
('2023-02-02 09:00:00', 'FR007', 5),
('2023-02-02 09:00:00', 'FR007', 6),
('2023-02-03 09:00:00', 'FR008', 7),
('2023-02-03 09:00:00', 'FR008', 8),
('2023-02-04 10:00:00', 'EZY007', 9),
('2023-02-04 10:00:00', 'EZY007', 10),
('2023-02-05 10:00:00', 'EZY008', 11),
('2023-02-05 10:00:00', 'EZY008', 12),
('2023-02-06 07:00:00', 'DLH007', 13),
('2023-02-06 07:00:00', 'DLH007', 14),
('2023-02-07 07:00:00', 'DLH008', 15),
('2023-02-07 07:00:00', 'DLH008', 16),
('2023-02-08 11:00:00', 'AF007', 17),
('2023-02-08 11:00:00', 'AF007', 18),
('2023-02-09 11:00:00', 'AF008', 19),
('2023-02-09 11:00:00', 'AF008', 20),
('2023-02-10 08:00:00', 'AZ009', 1),
('2023-02-10 08:00:00', 'AZ009', 2),
('2023-02-11 08:00:00', 'AZ010', 3),
('2023-02-11 08:00:00', 'AZ010', 4),
('2023-02-12 09:00:00', 'FR009', 5),
('2023-02-12 09:00:00', 'FR009', 6),
('2023-02-13 09:00:00', 'FR010', 7),
('2023-02-13 09:00:00', 'FR010', 8),
('2023-02-14 10:00:00', 'EZY009', 9),
('2023-02-14 10:00:00', 'EZY009', 10),
('2023-02-15 10:00:00', 'EZY010', 11),
('2023-02-15 10:00:00', 'EZY010', 12),
('2023-02-16 07:00:00', 'DLH009', 13),
('2023-02-16 07:00:00', 'DLH009', 14),
('2023-02-17 07:00:00', 'DLH010', 15),
('2023-02-17 07:00:00', 'DLH010', 16),
('2023-02-18 11:00:00', 'AF009', 17),
('2023-02-18 11:00:00', 'AF009', 18),
('2023-02-19 11:00:00', 'AF010', 19),
('2023-02-19 11:00:00', 'AF010', 20),
('2023-02-20 08:00:00', 'AZ011', 1),
('2023-02-20 08:00:00', 'AZ011', 2),
('2023-02-21 08:00:00', 'AZ012', 3),
('2023-02-21 08:00:00', 'AZ012', 4),
('2023-02-22 09:00:00', 'FR011', 5),
('2023-02-22 09:00:00', 'FR011', 6),
('2023-02-23 09:00:00', 'FR012', 7),
('2023-02-23 09:00:00', 'FR012', 8),
('2023-02-24 10:00:00', 'EZY011', 9),
('2023-02-24 10:00:00', 'EZY011', 10),
('2023-02-25 10:00:00', 'EZY012', 11),
('2023-02-25 10:00:00', 'EZY012', 12),
('2023-02-26 07:00:00', 'DLH011', 13),
('2023-02-26 07:00:00', 'DLH011', 14),
('2023-02-27 07:00:00', 'DLH012', 15),
('2023-02-27 07:00:00', 'DLH012', 16),
('2023-02-28 11:00:00', 'AF011', 17),
('2023-02-28 11:00:00', 'AF011', 18),
('2023-03-01 11:00:00', 'AF012', 19),
('2023-03-01 11:00:00', 'AF012', 20),
('2023-03-02 08:00:00', 'AZ013', 1),
('2023-03-02 08:00:00', 'AZ013', 2),
('2023-03-03 08:00:00', 'AZ014', 3),
('2023-03-03 08:00:00', 'AZ014', 4),
('2023-03-04 09:00:00', 'FR013', 5),
('2023-03-04 09:00:00', 'FR013', 6),
('2023-03-05 09:00:00', 'FR014', 7),
('2023-03-05 09:00:00', 'FR014', 8),
('2023-03-06 10:00:00', 'EZY013', 9),
('2023-03-06 10:00:00', 'EZY013', 10),
('2023-03-07 10:00:00', 'EZY014', 11),
('2023-03-07 10:00:00', 'EZY014', 12),
('2023-03-08 07:00:00', 'DLH013', 13),
('2023-03-08 07:00:00', 'DLH013', 14),
('2023-03-09 07:00:00', 'DLH014', 15),
('2023-03-09 07:00:00', 'DLH014', 16),
('2023-03-10 11:00:00', 'AF013', 17),
('2023-03-10 11:00:00', 'AF013', 18),
('2023-03-11 11:00:00', 'AF014', 19),
('2023-03-11 11:00:00', 'AF014', 20),
('2023-03-12 08:00:00', 'AZ015', 1),
('2023-03-12 08:00:00', 'AZ015', 2),
('2023-03-13 08:00:00', 'AZ016', 3),
('2023-03-13 08:00:00', 'AZ016', 4),
('2023-03-14 09:00:00', 'FR015', 5),
('2023-03-14 09:00:00', 'FR015', 6),
('2023-03-15 09:00:00', 'FR016', 7),
('2023-03-15 09:00:00', 'FR016', 8),
('2023-03-16 10:00:00', 'EZY015', 9),
('2023-03-16 10:00:00', 'EZY015', 10),
('2023-03-17 10:00:00', 'EZY016', 11),
('2023-03-17 10:00:00', 'EZY016', 12),
('2023-03-18 07:00:00', 'DLH015', 13),
('2023-03-18 07:00:00', 'DLH015', 14),
('2023-03-19 07:00:00', 'DLH016', 15),
('2023-03-19 07:00:00', 'DLH016', 16),
('2023-03-20 11:00:00', 'AF015', 17),
('2023-03-20 11:00:00', 'AF015', 18),
('2023-03-21 11:00:00', 'AF016', 19),
('2023-03-21 11:00:00', 'AF016', 20),
('2023-03-22 08:00:00', 'AZ017', 1),
('2023-03-22 08:00:00', 'AZ017', 2),
('2023-03-23 08:00:00', 'AZ018', 3),
('2023-03-23 08:00:00', 'AZ018', 4),
('2023-03-24 09:00:00', 'FR017', 5),
('2023-03-24 09:00:00', 'FR017', 6),
('2023-03-25 09:00:00', 'FR018', 7),
('2023-03-25 09:00:00', 'FR018', 8),
('2023-03-26 10:00:00', 'EZY017', 9),
('2023-03-26 10:00:00', 'EZY017', 10),
('2023-03-27 10:00:00', 'EZY018', 11),
('2023-03-27 10:00:00', 'EZY018', 12),
('2023-03-28 07:00:00', 'DLH017', 13),
('2023-03-28 07:00:00', 'DLH017', 14),
('2023-03-29 07:00:00', 'DLH018', 15),
('2023-03-29 07:00:00', 'DLH018', 16),
('2023-03-30 11:00:00', 'AF017', 17),
('2023-03-30 11:00:00', 'AF017', 18),
('2023-03-31 11:00:00', 'AF018', 19),
('2023-03-31 11:00:00', 'AF018', 20),
('2023-04-01 08:00:00', 'AZ019', 1),
('2023-04-01 08:00:00', 'AZ019', 2),
('2023-04-02 08:00:00', 'AZ020', 3),
('2023-04-02 08:00:00', 'AZ020', 4),
('2023-04-03 09:00:00', 'FR019', 5),
('2023-04-03 09:00:00', 'FR019', 6),
('2023-04-04 09:00:00', 'FR020', 7),
('2023-04-04 09:00:00', 'FR020', 8),
('2023-04-05 10:00:00', 'EZY019', 9),
('2023-04-05 10:00:00', 'EZY019', 10),
('2023-04-06 10:00:00', 'EZY020', 11),
('2023-04-06 10:00:00', 'EZY020', 12),
('2023-04-07 07:00:00', 'DLH019', 13),
('2023-04-07 07:00:00', 'DLH019', 14),
('2023-04-08 07:00:00', 'DLH020', 15),
('2023-04-08 07:00:00', 'DLH020', 16),
('2023-04-09 11:00:00', 'AF019', 17),
('2023-04-09 11:00:00', 'AF019', 18),
('2023-04-10 11:00:00', 'AF020', 19),
('2023-04-10 11:00:00', 'AF020', 20),
('2023-04-11 08:00:00', 'AZ021', 1),
('2023-04-11 08:00:00', 'AZ021', 2),
('2023-04-12 08:00:00', 'AZ022', 3),
('2023-04-12 08:00:00', 'AZ022', 4),
('2023-04-13 09:00:00', 'FR021', 5),
('2023-04-13 09:00:00', 'FR021', 6),
('2023-04-14 09:00:00', 'FR022', 7),
('2023-04-14 09:00:00', 'FR022', 8),
('2023-04-15 10:00:00', 'EZY021', 9),
('2023-04-15 10:00:00', 'EZY021', 10),
('2023-04-16 10:00:00', 'EZY022', 11),
('2023-04-16 10:00:00', 'EZY022', 12),
('2023-04-17 07:00:00', 'DLH021', 13),
('2023-04-17 07:00:00', 'DLH021', 14),
('2023-04-18 07:00:00', 'DLH022', 15),
('2023-04-18 07:00:00', 'DLH022', 16),
('2023-04-19 11:00:00', 'AF021', 17),
('2023-04-19 11:00:00', 'AF021', 18),
('2023-04-20 11:00:00', 'AF022', 19),
('2023-04-20 11:00:00', 'AF022', 20),
('2023-04-21 08:00:00', 'AZ023', 1),
('2023-04-21 08:00:00', 'AZ023', 2),
('2023-04-22 08:00:00', 'AZ024', 3),
('2023-04-22 08:00:00', 'AZ024', 4),
('2023-04-23 09:00:00', 'FR023', 5),
('2023-04-23 09:00:00', 'FR023', 6),
('2023-04-24 09:00:00', 'FR024', 7),
('2023-04-24 09:00:00', 'FR024', 8),
('2023-04-25 10:00:00', 'EZY023', 9),
('2023-04-25 10:00:00', 'EZY023', 10),
('2023-04-26 10:00:00', 'EZY024', 11),
('2023-04-26 10:00:00', 'EZY024', 12),
('2023-04-27 07:00:00', 'DLH023', 13),
('2023-04-27 07:00:00', 'DLH023', 14),
('2023-04-28 07:00:00', 'DLH024', 15),
('2023-04-28 07:00:00', 'DLH024', 16),
('2023-04-29 11:00:00', 'AF023', 17),
('2023-04-29 11:00:00', 'AF023', 18),
('2023-04-30 11:00:00', 'AF024', 19),
('2023-04-30 11:00:00', 'AF024', 20),
('2023-05-01 08:00:00', 'AZ025', 1),
('2023-05-01 08:00:00', 'AZ025', 2),
('2023-05-02 08:00:00', 'AZ026', 3),
('2023-05-02 08:00:00', 'AZ026', 4),
('2023-05-03 09:00:00', 'FR025', 5),
('2023-05-03 09:00:00', 'FR025', 6),
('2023-05-04 09:00:00', 'FR026', 7),
('2023-05-04 09:00:00', 'FR026', 8),
('2023-05-05 10:00:00', 'EZY025', 9),
('2023-05-05 10:00:00', 'EZY025', 10),
('2023-05-06 10:00:00', 'EZY026', 11),
('2023-05-06 10:00:00', 'EZY026', 12),
('2023-05-07 07:00:00', 'DLH025', 13),
('2023-05-07 07:00:00', 'DLH025', 14),
('2023-05-08 07:00:00', 'DLH026', 15),
('2023-05-08 07:00:00', 'DLH026', 16),
('2023-05-09 11:00:00', 'AF025', 17),
('2023-05-09 11:00:00', 'AF025', 18),
('2023-05-10 11:00:00', 'AF026', 19),
('2023-05-10 11:00:00', 'AF026', 20),
('2023-05-11 08:00:00', 'AZ027', 1),
('2023-05-11 08:00:00', 'AZ027', 2),
('2023-05-12 08:00:00', 'AZ028', 3),
('2023-05-12 08:00:00', 'AZ028', 4),
('2023-05-13 09:00:00', 'FR027', 5),
('2023-05-13 09:00:00', 'FR027', 6),
('2023-05-14 09:00:00', 'FR028', 7),
('2023-05-14 09:00:00', 'FR028', 8),
('2023-05-15 10:00:00', 'EZY027', 9),
('2023-05-15 10:00:00', 'EZY027', 10),
('2023-05-16 10:00:00', 'EZY028', 11),
('2023-05-16 10:00:00', 'EZY028', 12),
('2023-05-17 07:00:00', 'DLH027', 13),
('2023-05-17 07:00:00', 'DLH027', 14),
('2023-05-18 07:00:00', 'DLH028', 15),
('2023-05-18 07:00:00', 'DLH028', 16),
('2023-05-19 11:00:00', 'AF027', 17),
('2023-05-19 11:00:00', 'AF027', 18),
('2023-05-20 11:00:00', 'AF028', 19),
('2023-05-20 11:00:00', 'AF028', 20),
('2023-05-21 08:00:00', 'AZ029', 1),
('2023-05-21 08:00:00', 'AZ029', 2),
('2023-05-22 08:00:00', 'AZ030', 3),
('2023-05-22 08:00:00', 'AZ030', 4),
('2023-05-23 09:00:00', 'FR029', 5),
('2023-05-23 09:00:00', 'FR029', 6),
('2023-05-24 09:00:00', 'FR030', 7),
('2023-05-24 09:00:00', 'FR030', 8),
('2023-05-25 10:00:00', 'EZY029', 9),
('2023-05-25 10:00:00', 'EZY029', 10),
('2023-05-26 10:00:00', 'EZY030', 11),
('2023-05-26 10:00:00', 'EZY030', 12),
('2023-05-27 07:00:00', 'DLH029', 13),
('2023-05-27 07:00:00', 'DLH029', 14),
('2023-05-28 07:00:00', 'DLH030', 15),
('2023-05-28 07:00:00', 'DLH030', 16),
('2023-05-29 11:00:00', 'AF029', 17),
('2023-05-29 11:00:00', 'AF029', 18),
('2023-05-30 11:00:00', 'AF030', 19),
('2023-05-30 11:00:00', 'AF030', 20),
('2023-05-31 08:00:00', 'AZ031', 1),
('2023-05-31 08:00:00', 'AZ031', 2),
('2023-06-01 08:00:00', 'AZ032', 3),
('2023-06-01 08:00:00', 'AZ032', 4),
('2023-06-02 09:00:00', 'FR031', 5),
('2023-06-02 09:00:00', 'FR031', 6),
('2023-06-03 09:00:00', 'FR032', 7),
('2023-06-03 09:00:00', 'FR032', 8),
('2023-06-04 10:00:00', 'EZY031', 9),
('2023-06-04 10:00:00', 'EZY031', 10),
('2023-06-05 10:00:00', 'EZY032', 11),
('2023-06-05 10:00:00', 'EZY032', 12),
('2023-06-06 07:00:00', 'DLH031', 13),
('2023-06-06 07:00:00', 'DLH031', 14),
('2023-06-07 07:00:00', 'DLH032', 15),
('2023-06-07 07:00:00', 'DLH032', 16),
('2023-06-08 11:00:00', 'AF031', 17),
('2023-06-08 11:00:00', 'AF031', 18),
('2023-06-09 11:00:00', 'AF032', 19),
('2023-06-09 11:00:00', 'AF032', 20),
('2023-06-10 08:00:00', 'AZ033', 1),
('2023-06-10 08:00:00', 'AZ033', 2),
('2023-06-11 08:00:00', 'AZ034', 3),
('2023-06-11 08:00:00', 'AZ034', 4),
('2023-06-12 09:00:00', 'FR033', 5),
('2023-06-12 09:00:00', 'FR033', 6),
('2023-06-13 09:00:00', 'FR034', 7),
('2023-06-13 09:00:00', 'FR034', 8),
('2023-06-14 10:00:00', 'EZY033', 9),
('2023-06-14 10:00:00', 'EZY033', 10),
('2023-06-15 10:00:00', 'EZY034', 11),
('2023-06-15 10:00:00', 'EZY034', 12),
('2023-06-16 07:00:00', 'DLH033', 13),
('2023-06-16 07:00:00', 'DLH033', 14),
('2023-06-17 07:00:00', 'DLH034', 15),
('2023-06-17 07:00:00', 'DLH034', 16),
('2023-06-18 11:00:00', 'AF033', 17),
('2023-06-18 11:00:00', 'AF033', 18),
('2023-06-19 11:00:00', 'AF034', 19),
('2023-06-19 11:00:00', 'AF034', 20),
('2023-06-20 08:00:00', 'AZ035', 1),
('2023-06-20 08:00:00', 'AZ035', 2),
('2023-06-21 08:00:00', 'AZ036', 3),
('2023-06-21 08:00:00', 'AZ036', 4),
('2023-06-22 09:00:00', 'FR035', 5),
('2023-06-22 09:00:00', 'FR035', 6),
('2023-06-23 09:00:00', 'FR036', 7),
('2023-06-23 09:00:00', 'FR036', 8),
('2023-06-24 10:00:00', 'EZY035', 9),
('2023-06-24 10:00:00', 'EZY035', 10),
('2023-06-25 10:00:00', 'EZY036', 11),
('2023-06-25 10:00:00', 'EZY036', 12),
('2023-06-26 07:00:00', 'DLH035', 13),
('2023-06-26 07:00:00', 'DLH035', 14),
('2023-06-27 07:00:00', 'DLH036', 15),
('2023-06-27 07:00:00', 'DLH036', 16),
('2023-06-28 11:00:00', 'AF035', 17),
('2023-06-28 11:00:00', 'AF035', 18),
('2023-06-29 11:00:00', 'AF036', 19),
('2023-06-29 11:00:00', 'AF036', 20),
('2023-06-30 08:00:00', 'AZ037', 1),
('2023-06-30 08:00:00', 'AZ037', 2),
('2023-07-01 08:00:00', 'AZ038', 3),
('2023-07-01 08:00:00', 'AZ038', 4),
('2023-07-02 09:00:00', 'FR037', 5),
('2023-07-02 09:00:00', 'FR037', 6),
('2023-07-03 09:00:00', 'FR038', 7),
('2023-07-03 09:00:00', 'FR038', 8),
('2023-07-04 10:00:00', 'EZY037', 9),
('2023-07-04 10:00:00', 'EZY037', 10),
('2023-07-05 10:00:00', 'EZY038', 11),
('2023-07-05 10:00:00', 'EZY038', 12),
('2023-07-06 07:00:00', 'DLH037', 13),
('2023-07-06 07:00:00', 'DLH037', 14),
('2023-07-07 07:00:00', 'DLH038', 15),
('2023-07-07 07:00:00', 'DLH038', 16),
('2023-07-08 11:00:00', 'AF037', 17),
('2023-07-08 11:00:00', 'AF037', 18),
('2023-07-09 11:00:00', 'AF038', 19),
('2023-07-09 11:00:00', 'AF038', 20),
('2023-07-10 08:00:00', 'AZ039', 1),
('2023-07-10 08:00:00', 'AZ039', 2),
('2023-07-11 08:00:00', 'AZ040', 3),
('2023-07-11 08:00:00', 'AZ040', 4);


