INSERT INTO Aeroporti (AirportID, Nome, Città, Stato, CodiceICAO, CodiceIATA) VALUES
(1, 'Aeroporto di Roma-Fiumicino', 'Roma', 'Italia', 'LIRF', 'FCO'),
(2, 'Aeroporto di Milano-Malpensa', 'Milano', 'Italia', 'LIMC', 'MXP'),
(3, 'Aeroporto di Napoli-Capodichino', 'Napoli', 'Italia', 'LIRN', 'NAP'),
(4, 'Aeroporto di Venezia-Tessera', 'Venezia', 'Italia', 'LIPZ', 'VCE'),
(5, 'Aeroporto di Torino-Caselle', 'Torino', 'Italia', 'LIMF', 'TRN'),
(6, 'Aeroporto di Bologna-Borgo Panigale', 'Bologna', 'Italia', 'LIPE', 'BLQ'),
(7, 'Aeroporto di Palermo-Punta Raisi', 'Palermo', 'Italia', 'LICJ', 'PMO'),
(8, 'Aeroporto di Catania-Fontanarossa', 'Catania', 'Italia', 'LICC', 'CTA'),
(9, 'Aeroporto di Firenze-Peretola', 'Firenze', 'Italia', 'LIRQ', 'FLR'),
(10, 'Aeroporto di Pisa-San Giusto', 'Pisa', 'Italia', 'LIRP', 'PSA'),
(11, 'Aeroporto di Bari-Palese', 'Bari', 'Italia', 'LIBD', 'BRI'),
(12, 'Aeroporto di Lamezia Terme', 'Lamezia Terme', 'Italia', 'LICA', 'SUF'),
(13, 'Aeroporto di Verona-Villafranca', 'Verona', 'Italia', 'LIPX', 'VRN'),
(14, 'Aeroporto di Genova-Sestri', 'Genova', 'Italia', 'LIMJ', 'GOA'),
(15, 'Aeroporto di Trieste-Ronchi dei Legionari', 'Trieste', 'Italia', 'LIPQ', 'TRS'),
(16, 'Aeroporto di Olbia-Costa Smeralda', 'Olbia', 'Italia', 'LIEO', 'OLB'),
(17, 'Aeroporto di Alghero-Fertilia', 'Alghero', 'Italia', 'LIEA', 'AHO'),
(18, 'Aeroporto di Cagliari-Elmas', 'Cagliari', 'Italia', 'LIEE', 'CAG'),
(19, 'Aeroporto di Ancona-Falconara', 'Ancona', 'Italia', 'LIPY', 'AOI'),
(20, 'Aeroporto di Pescara', 'Pescara', 'Italia', 'LIBP', 'PSR'),
(21, 'Aeroporto di Perugia-SantEgidio', 'Perugia', 'Italia', 'LIRZ', 'PEG'),
(22, 'Aeroporto di Reggio Calabria', 'Reggio Calabria', 'Italia', 'LICR', 'REG'),
(23, 'Aeroporto di Treviso-SantAngelo', 'Treviso', 'Italia', 'LIPH', 'TSF'),
(24, 'Aeroporto di Parma', 'Parma', 'Italia', 'LIMP', 'PMF'),
(25, 'Aeroporto di Brescia-Montichiari', 'Brescia', 'Italia', 'LIPO', 'VBS'),
(26, 'Aeroporto di Bolzano', 'Bolzano', 'Italia', 'LIPB', 'BZO'),
(27, 'Aeroporto di Brindisi-Casale', 'Brindisi', 'Italia', 'LIBR', 'BDS'),
(28, 'Aeroporto di Lampedusa', 'Lampedusa', 'Italia', 'LICD', 'LMP'),
(29, 'Aeroporto di Pantelleria', 'Pantelleria', 'Italia', 'LICG', 'PNL'),
(30, 'Aeroporto di Trapani-Birgi', 'Trapani', 'Italia', 'LICT', 'TPS'),
(31, 'Aeroporto di Comiso', 'Comiso', 'Italia', 'LICB', 'CIY'),
(32, 'Aeroporto di Forlì', 'Forli', 'Italia', 'LIPK', 'FRL'),
(33, 'Aeroporto di Grosseto', 'Grosseto', 'Italia', 'LIRS', 'GRS'),
(34, 'Aeroporto di Cuneo-Levaldigi', 'Cuneo', 'Italia', 'LIMZ', 'CUF'),
(35, 'Aeroporto di Salerno-Pontecagnano', 'Salerno', 'Italia', 'LIRI', 'QSR'),
(36, 'Aeroporto di Taranto-Grottaglie', 'Taranto', 'Italia', 'LIBG', 'TAR'),
(37, 'Aeroporto di Aviano', 'Aviano', 'Italia', 'LIPA', 'AVB'),
(38, 'Aeroporto di Decimomannu', 'Decimomannu', 'Italia', 'LIED', 'DCI'),
(39, 'Aeroporto di Amendola', 'Amendola', 'Italia', 'LIBA', 'QND'),
(40, 'Aeroporto di Sigonella', 'Sigonella', 'Italia', 'LICZ', 'NSY');

INSERT INTO CompagnieAeree (AirlineID, Nome, CodiceIATA, CodiceICAO, Stato) VALUES
(1, 'Ita Airways', 'AZ', 'AZA', 'Italia'),
(2, 'Air France', 'AF', 'AFR', 'Francia'),
(3, 'Lufthansa', 'LH', 'DLH', 'Germania'),
(4, 'British Airways', 'BA', 'BAW', 'Regno Unito'),
(5, 'KLM', 'KL', 'KLM', 'Paesi Bassi'),
(6, 'Emirates', 'EK', 'UAE', 'Emirati Arabi Uniti'),
(7, 'Qatar Airways', 'QR', 'QTR', 'Qatar'),
(8, 'Singapore Airlines', 'SQ', 'SIA', 'Singapore'),
(9, 'Cathay Pacific', 'CX', 'CPA', 'Hong Kong'),
(10, 'Qantas', 'QF', 'QFA', 'Australia'),
(11, 'Etihad Airways', 'EY', 'ETD', 'Emirati Arabi Uniti'),
(12, 'Turkish Airlines', 'TK', 'THY', 'Turchia'),
(13, 'Swiss International Air Lines', 'LX', 'SWR', 'Svizzera'),
(14, 'Iberia', 'IB', 'IBE', 'Spagna'),
(15, 'American Airlines', 'AA', 'AAL', 'Stati Uniti'),
(16, 'Delta Air Lines', 'DL', 'DAL', 'Stati Uniti'),
(17, 'United Airlines', 'UA', 'UAL', 'Stati Uniti'),
(18, 'Air Canada', 'AC', 'ACA', 'Canada'),
(19, 'Japan Airlines', 'JL', 'JAL', 'Giappone'),
(20, 'All Nippon Airways', 'NH', 'ANA', 'Giappone'),
(21, 'Air China', 'CA', 'CCA', 'Cina'),
(22, 'China Eastern Airlines', 'MU', 'CES', 'Cina'),
(23, 'China Southern Airlines', 'CZ', 'CSN', 'Cina'),
(24, 'Aeroflot', 'SU', 'AFL', 'Russia'),
(25, 'Southwest Airlines', 'WN', 'SWA', 'Stati Uniti'),
(26, 'Ryanair', 'FR', 'RYR', 'Irlanda'),
(27, 'EasyJet', 'U2', 'EZY', 'Regno Unito'),
(28, 'Norwegian Air Shuttle', 'DY', 'NAX', 'Norvegia'),
(29, 'Jet Airways', '9W', 'JAI', 'India'),
(30, 'Hainan Airlines', 'HU', 'CHH', 'Cina');


INSERT INTO Aerei (AircraftID, Modello, Costruttore, Capacità, CompagniaAereaID) VALUES
('9HWAS1', 'Boeing 737-800', 'Boeing', 189, 1),
('EIDCL1', 'Airbus A320', 'Airbus', 180, 2),
('GEZBZ1', 'Airbus A319', 'Airbus', 156, 3),
('DABCD1', 'Boeing 747-400', 'Boeing', 416, 4),
('FHBLA1', 'Airbus A380', 'Airbus', 853, 5),
('A6EDC1', 'Airbus A380', 'Airbus', 853, 6),
('A7BAE1', 'Boeing 777-300ER', 'Boeing', 396, 7),
('9VSKZ1', 'Boeing 777-300ER', 'Boeing', 396, 8),
('BKPF01', 'Airbus A350-900', 'Airbus', 280, 9),
('VHOQE1', 'Airbus A380', 'Airbus', 484, 10),
('A6EDE1', 'Boeing 787-9', 'Boeing', 280, 11),
('TCJJP1', 'Boeing 737-900ER', 'Boeing', 189, 12),
('HBJNB1', 'Boeing 777-300ER', 'Boeing', 340, 13),
('ECIZY1', 'Airbus A320', 'Airbus', 180, 14),
('N780AN', 'Boeing 787-8', 'Boeing', 234, 15),
('N3748Y', 'Boeing 737-800', 'Boeing', 160, 16),
('N775UA', 'Boeing 777-200', 'Boeing', 266, 17),
('CFNND1', 'Boeing 787-9', 'Boeing', 298, 18),
('JA865J', 'Boeing 767-300ER', 'Boeing', 261, 19),
('JA789A', 'Boeing 777-300ER', 'Boeing', 250, 20),
('B20351', 'Boeing 777-300ER', 'Boeing', 398, 21),
('B61271', 'Airbus A321', 'Airbus', 194, 22),
('B18210', 'Boeing 747-400', 'Boeing', 372, 23),
('VPBGW1', 'Airbus A320', 'Airbus', 164, 24),
('N8602F', 'Boeing 737-800', 'Boeing', 175, 25),
('EIDCL2', 'Boeing 737-800', 'Boeing', 189, 26),
('GEZDJ1', 'Airbus A320', 'Airbus', 180, 27),
('LNDYQ1', 'Boeing 737-800', 'Boeing', 189, 28),
('VTJEW1', 'Boeing 737-800', 'Boeing', 174, 29),
('B27361', 'Boeing 787-9', 'Boeing', 289, 30),
('9HAFA1', 'Airbus A320', 'Airbus', 180, 1),
('9HAFB1', 'Airbus A320', 'Airbus', 180, 1),
('9HAFC1', 'Airbus A320', 'Airbus', 180, 1),
('EIDEF1', 'Boeing 737-800', 'Boeing', 189, 2),
('EIDEG1', 'Boeing 737-800', 'Boeing', 189, 2),
('GEZFH1', 'Airbus A319', 'Airbus', 156, 3),
('GEZFI1', 'Airbus A319', 'Airbus', 156, 3),
('DABEF1', 'Boeing 747-400', 'Boeing', 416, 4),
('DABEG1', 'Boeing 747-400', 'Boeing', 416, 4),
('FHBLB1', 'Airbus A380', 'Airbus', 853, 5),
('FHBLB2', 'Airbus A380', 'Airbus', 853, 5),
('A6EDF1', 'Airbus A380', 'Airbus', 853, 6),
('A6EDG1', 'Airbus A380', 'Airbus', 853, 6),
('A7BAF1', 'Boeing 777-300ER', 'Boeing', 396, 7),
('A7BAG1', 'Boeing 777-300ER', 'Boeing', 396, 7),
('9VSLA1', 'Boeing 777-300ER', 'Boeing', 396, 8),
('9VSLB1', 'Boeing 777-300ER', 'Boeing', 396, 8),
('BKPG01', 'Airbus A350-900', 'Airbus', 280, 9),
('BKPH01', 'Airbus A350-900', 'Airbus', 280, 9),
('VHOQF1', 'Airbus A380', 'Airbus', 484, 10),
('VHOQG1', 'Airbus A380', 'Airbus', 484, 10),
('A6EDF2', 'Boeing 787-9', 'Boeing', 280, 11),
('A6EDG2', 'Boeing 787-9', 'Boeing', 280, 11),
('TCJJQ1', 'Boeing 737-900ER', 'Boeing', 189, 12),
('TCJJR1', 'Boeing 737-900ER', 'Boeing', 189, 12),
('HBJNC1', 'Boeing 777-300ER', 'Boeing', 340, 13),
('HBJND1', 'Boeing 777-300ER', 'Boeing', 340, 13),
('ECIZW1', 'Airbus A320', 'Airbus', 180, 14),
('ECIZX1', 'Airbus A320', 'Airbus', 180, 14),
('N781AN', 'Boeing 787-8', 'Boeing', 234, 15),
('N782AN', 'Boeing 787-8', 'Boeing', 234, 15),
('N3749Y', 'Boeing 737-800', 'Boeing', 160, 16),
('N3750Y', 'Boeing 737-800', 'Boeing', 160, 16),
('N776UA', 'Boeing 777-200', 'Boeing', 266, 17),
('N777UA', 'Boeing 777-200', 'Boeing', 266, 17),
('CFNNF1', 'Boeing 787-9', 'Boeing', 298, 18),
('CFNNG1', 'Boeing 787-9', 'Boeing', 298, 18),
('JA866J', 'Boeing 767-300ER', 'Boeing', 261, 19),
('JA867J', 'Boeing 767-300ER', 'Boeing', 261, 19),
('JA790A', 'Boeing 777-300ER', 'Boeing', 250, 20),
('JA791A', 'Boeing 777-300ER', 'Boeing', 250, 20),
('B20361', 'Boeing 777-300ER', 'Boeing', 398, 21),
('B20371', 'Boeing 777-300ER', 'Boeing', 398, 21),
('B61281', 'Airbus A321', 'Airbus', 194, 22),
('B61291', 'Airbus A321', 'Airbus', 194, 22),
('B18211', 'Boeing 747-400', 'Boeing', 372, 23),
('B18212', 'Boeing 747-400', 'Boeing', 372, 23),
('VPBGX1', 'Airbus A320', 'Airbus', 164, 24),
('VPBGY1', 'Airbus A320', 'Airbus', 164, 24),
('N8603F', 'Boeing 737-800', 'Boeing', 175, 25),
('N8604F', 'Boeing 737-800', 'Boeing', 175, 25),
('EIDCL3', 'Boeing 737-800', 'Boeing', 189, 26),
('GEZDK1', 'Airbus A320', 'Airbus', 180, 27),
('GEZDL1', 'Airbus A320', 'Airbus', 180, 27),
('LNDYR1', 'Boeing 737-800', 'Boeing', 189, 28),
('LNDYS1', 'Boeing 737-800', 'Boeing', 189, 28),
('VTJEX1', 'Boeing 737-800', 'Boeing', 174, 29),
('VTJEY1', 'Boeing 737-800', 'Boeing', 174, 29),
('B27371', 'Boeing 787-9', 'Boeing', 289, 30),
('B27381', 'Boeing 787-9', 'Boeing', 289, 30),
('9HWAF1', 'Airbus A320', 'Airbus', 180, 1),
('9HWAG1', 'Airbus A320', 'Airbus', 180, 1),
('EIDCH1', 'Boeing 737-800', 'Boeing', 189, 2),
('EIDCI1', 'Boeing 737-800', 'Boeing', 189, 2),
('GEZFL1', 'Airbus A319', 'Airbus', 156, 3),
('GEZFM1', 'Airbus A319', 'Airbus', 156, 3),
('DABEH1', 'Boeing 747-400', 'Boeing', 416, 4),
('DABEJ1', 'Boeing 747-400', 'Boeing', 416, 4),
('FHBLD1', 'Airbus A380', 'Airbus', 853, 5),
('FHBLD2', 'Airbus A380', 'Airbus', 853, 5),
('A6EDH1', 'Airbus A380', 'Airbus', 853, 6),
('A6EDI1', 'Airbus A380', 'Airbus', 853, 6),
('A7BAH1', 'Boeing 777-300ER', 'Boeing', 396, 7),
('A7BAI1', 'Boeing 777-300ER', 'Boeing', 396, 7),
('9VSLC1', 'Boeing 777-300ER', 'Boeing', 396, 8),
('9VSLD1', 'Boeing 777-300ER', 'Boeing', 396, 8),
('BKPI01', 'Airbus A350-900', 'Airbus', 280, 9),
('BKPJ01', 'Airbus A350-900', 'Airbus', 280, 9),
('VHOQH1', 'Airbus A380', 'Airbus', 484, 10),
('VHOQI1', 'Airbus A380', 'Airbus', 484, 10),
('A6EDJ1', 'Boeing 787-9', 'Boeing', 280, 11),
('A6EDK1', 'Boeing 787-9', 'Boeing', 280, 11),
('TCJJS1', 'Boeing 737-900ER', 'Boeing', 189, 12),
('TCJJT1', 'Boeing 737-900ER', 'Boeing', 189, 12),
('HBJNE1', 'Boeing 777-300ER', 'Boeing', 340, 13),
('HBJNF1', 'Boeing 777-300ER', 'Boeing', 340, 13),
('ECIZY2', 'Airbus A320', 'Airbus', 180, 14),
('ECIZV1', 'Airbus A320', 'Airbus', 180, 14),
('N783AN', 'Boeing 787-8', 'Boeing', 234, 15),
('N784AN', 'Boeing 787-8', 'Boeing', 234, 15),
('N3751Y', 'Boeing 737-800', 'Boeing', 160, 16),
('N3752Y', 'Boeing 737-800', 'Boeing', 160, 16),
('N778UA', 'Boeing 777-200', 'Boeing', 266, 17),
('N779UA', 'Boeing 777-200', 'Boeing', 266, 17),
('CFNNH1', 'Boeing 787-9', 'Boeing', 298, 18),
('CFNNI1', 'Boeing 787-9', 'Boeing', 298, 18),
('JA868J', 'Boeing 767-300ER', 'Boeing', 261, 19),
('JA869J', 'Boeing 767-300ER', 'Boeing', 261, 19),
('JA792A', 'Boeing 777-300ER', 'Boeing', 250, 20),
('JA793A', 'Boeing 777-300ER', 'Boeing', 250, 20),
('B20381', 'Boeing 777-300ER', 'Boeing', 398, 21),
('B20391', 'Boeing 777-300ER', 'Boeing', 398, 21),
('B61301', 'Airbus A321', 'Airbus', 194, 22),
('B61311', 'Airbus A321', 'Airbus', 194, 22),
('B18213', 'Boeing 747-400', 'Boeing', 372, 23),
('B18214', 'Boeing 747-400', 'Boeing', 372, 23),
('VPBGZ1', 'Airbus A320', 'Airbus', 164, 24),
('VPBHA1', 'Airbus A320', 'Airbus', 164, 24),
('N8605F', 'Boeing 737-800', 'Boeing', 175, 25),
('N8606F', 'Boeing 737-800', 'Boeing', 175, 25);


INSERT INTO Gates (GateID, Terminal, Numero, AirportID) VALUES
(1, 'Terminal 1', 1, 1),
(2, 'Terminal 1', 2, 1),
(3, 'Terminal 1', 3, 1),
(4, 'Terminal 1', 4, 1),
(5, 'Terminal 1', 5, 1),
(6, 'Terminal 1', 6, 1),
(7, 'Terminal 1', 7, 1),
(8, 'Terminal 1', 8, 1),
(9, 'Terminal 1', 9, 1),
(10, 'Terminal 1', 10, 1),
(11, 'Terminal 1', 1, 2),
(12, 'Terminal 1', 2, 2),
(13, 'Terminal 1', 3, 2),
(14, 'Terminal 1', 4, 2),
(15, 'Terminal 1', 5, 2),
(16, 'Terminal 1', 6, 2),
(17, 'Terminal 1', 7, 2),
(18, 'Terminal 1', 8, 2),
(19, 'Terminal 1', 9, 2),
(20, 'Terminal 1', 10, 2),
(21, 'Terminal 1', 1, 3),
(22, 'Terminal 1', 2, 3),
(23, 'Terminal 1', 3, 3),
(24, 'Terminal 1', 4, 3),
(25, 'Terminal 1', 5, 3),
(26, 'Terminal 1', 6, 3),
(27, 'Terminal 1', 7, 3),
(28, 'Terminal 1', 8, 3),
(29, 'Terminal 1', 9, 3),
(30, 'Terminal 1', 10, 3),
(31, 'Terminal 1', 1, 4),
(32, 'Terminal 1', 2, 4),
(33, 'Terminal 1', 3, 4),
(34, 'Terminal 1', 4, 4),
(35, 'Terminal 1', 5, 4),
(36, 'Terminal 1', 6, 4),
(37, 'Terminal 1', 7, 4),
(38, 'Terminal 1', 8, 4),
(39, 'Terminal 1', 9, 4),
(40, 'Terminal 1', 10, 4),
(41, 'Terminal 1', 1, 5),
(42, 'Terminal 1', 2, 5),
(43, 'Terminal 1', 3, 5),
(44, 'Terminal 1', 4, 5),
(45, 'Terminal 1', 5, 5),
(46, 'Terminal 1', 6, 5),
(47, 'Terminal 1', 7, 5),
(48, 'Terminal 1', 8, 5),
(49, 'Terminal 1', 9, 5),
(50, 'Terminal 1', 10, 5),
(51, 'Terminal 1', 1, 6),
(52, 'Terminal 1', 2, 6),
(53, 'Terminal 1', 3, 6),
(54, 'Terminal 1', 4, 6),
(55, 'Terminal 1', 5, 6),
(56, 'Terminal 1', 6, 6),
(57, 'Terminal 1', 7, 6),
(58, 'Terminal 1', 8, 6),
(59, 'Terminal 1', 9, 6),
(60, 'Terminal 1', 10, 6),
(61, 'Terminal 1', 1, 7),
(62, 'Terminal 1', 2, 7),
(63, 'Terminal 1', 3, 7),
(64, 'Terminal 1', 4, 7),
(65, 'Terminal 1', 5, 7),
(66, 'Terminal 1', 6, 7),
(67, 'Terminal 1', 7, 7),
(68, 'Terminal 1', 8, 7),
(69, 'Terminal 1', 9, 7),
(70, 'Terminal 1', 10, 7),
(71, 'Terminal 1', 1, 8),
(72, 'Terminal 1', 2, 8),
(73, 'Terminal 1', 3, 8),
(74, 'Terminal 1', 4, 8),
(75, 'Terminal 1', 5, 8),
(76, 'Terminal 1', 6, 8),
(77, 'Terminal 1', 7, 8),
(78, 'Terminal 1', 8, 8),
(79, 'Terminal 1', 9, 8),
(80, 'Terminal 1', 10, 8),
(81, 'Terminal 1', 1, 9),
(82, 'Terminal 1', 2, 9),
(83, 'Terminal 1', 3, 9),
(84, 'Terminal 1', 4, 9),
(85, 'Terminal 1', 5, 9),
(86, 'Terminal 1', 6, 9),
(87, 'Terminal 1', 7, 9),
(88, 'Terminal 1', 8, 9),
(89, 'Terminal 1', 9, 9),
(90, 'Terminal 1', 10, 9),
(91, 'Terminal 1', 1, 10),
(92, 'Terminal 1', 2, 10),
(93, 'Terminal 1', 3, 10),
(94, 'Terminal 1', 4, 10),
(95, 'Terminal 1', 5, 10),
(96, 'Terminal 1', 6, 10),
(97, 'Terminal 1', 7, 10),
(98, 'Terminal 1', 8, 10),
(99, 'Terminal 1', 9, 10),
(100, 'Terminal 1', 10, 10),
(101, 'Terminal 1', 1, 11),
(102, 'Terminal 1', 2, 11),
(103, 'Terminal 1', 3, 11),
(104, 'Terminal 1', 4, 11),
(105, 'Terminal 1', 5, 11),
(106, 'Terminal 1', 6, 11),
(107, 'Terminal 1', 7, 11),
(108, 'Terminal 1', 8, 11),
(109, 'Terminal 1', 9, 11),
(110, 'Terminal 1', 10, 11),
(111, 'Terminal 1', 1, 12),
(112, 'Terminal 1', 2, 12),
(113, 'Terminal 1', 3, 12),
(114, 'Terminal 1', 4, 12),
(115, 'Terminal 1', 5, 12),
(116, 'Terminal 1', 6, 12),
(117, 'Terminal 1', 7, 12),
(118, 'Terminal 1', 8, 12),
(119, 'Terminal 1', 9, 12),
(120, 'Terminal 1', 10, 12),
(121, 'Terminal 1', 1, 13),
(122, 'Terminal 1', 2, 13),
(123, 'Terminal 1', 3, 13),
(124, 'Terminal 1', 4, 13),
(125, 'Terminal 1', 5, 13),
(126, 'Terminal 1', 6, 13),
(127, 'Terminal 1', 7, 13),
(128, 'Terminal 1', 8, 13),
(129, 'Terminal 1', 9, 13),
(130, 'Terminal 1', 10, 13),
(131, 'Terminal 1', 1, 14),
(132, 'Terminal 1', 2, 14),
(133, 'Terminal 1', 3, 14),
(134, 'Terminal 1', 4, 14),
(135, 'Terminal 1', 5, 14),
(136, 'Terminal 1', 6, 14),
(137, 'Terminal 1', 7, 14),
(138, 'Terminal 1', 8, 14),
(139, 'Terminal 1', 9, 14),
(140, 'Terminal 1', 10, 14),
(141, 'Terminal 1', 1, 15),
(142, 'Terminal 1', 2, 15),
(143, 'Terminal 1', 3, 15),
(144, 'Terminal 1', 4, 15),
(145, 'Terminal 1', 5, 15),
(146, 'Terminal 1', 6, 15),
(147, 'Terminal 1', 7, 15),
(148, 'Terminal 1', 8, 15),
(149, 'Terminal 1', 9, 15),
(150, 'Terminal 1', 10, 15),
(151, 'Terminal 1', 1, 16),
(152, 'Terminal 1', 2, 16),
(153, 'Terminal 1', 3, 16),
(154, 'Terminal 1', 4, 16),
(155, 'Terminal 1', 5, 16),
(156, 'Terminal 1', 6, 16),
(157, 'Terminal 1', 7, 16),
(158, 'Terminal 1', 8, 16),
(159, 'Terminal 1', 9, 16),
(160, 'Terminal 1', 10, 16),
(161, 'Terminal 1', 1, 17),
(162, 'Terminal 1', 2, 17),
(163, 'Terminal 1', 3, 17),
(164, 'Terminal 1', 4, 17),
(165, 'Terminal 1', 5, 17),
(166, 'Terminal 1', 6, 17),
(167, 'Terminal 1', 7, 17),
(168, 'Terminal 1', 8, 17),
(169, 'Terminal 1', 9, 17),
(170, 'Terminal 1', 10, 17),
(171, 'Terminal 1', 1, 18),
(172, 'Terminal 1', 2, 18),
(173, 'Terminal 1', 3, 18),
(174, 'Terminal 1', 4, 18),
(175, 'Terminal 1', 5, 18),
(176, 'Terminal 1', 6, 18),
(177, 'Terminal 1', 7, 18),
(178, 'Terminal 1', 8, 18),
(179, 'Terminal 1', 9, 18),
(180, 'Terminal 1', 10, 18),
(181, 'Terminal 1', 1, 19),
(182, 'Terminal 1', 2, 19),
(183, 'Terminal 1', 3, 19),
(184, 'Terminal 1', 4, 19),
(185, 'Terminal 1', 5, 19),
(186, 'Terminal 1', 6, 19),
(187, 'Terminal 1', 7, 19),
(188, 'Terminal 1', 8, 19),
(189, 'Terminal 1', 9, 19),
(190, 'Terminal 1', 10, 19),
(191, 'Terminal 1', 1, 20),
(192, 'Terminal 1', 2, 20),
(193, 'Terminal 1', 3, 20),
(194, 'Terminal 1', 4, 20),
(195, 'Terminal 1', 5, 20),
(196, 'Terminal 1', 6, 20),
(197, 'Terminal 1', 7, 20),
(198, 'Terminal 1', 8, 20),
(199, 'Terminal 1', 9, 20),
(200, 'Terminal 1', 10, 20),
(201, 'Terminal 1', 1, 21),
(202, 'Terminal 1', 2, 21),
(203, 'Terminal 1', 3, 21),
(204, 'Terminal 1', 4, 21),
(205, 'Terminal 1', 5, 21),
(206, 'Terminal 1', 6, 21),
(207, 'Terminal 1', 7, 21),
(208, 'Terminal 1', 8, 21),
(209, 'Terminal 1', 9, 21),
(210, 'Terminal 1', 10, 21),
(211, 'Terminal 1', 1, 22),
(212, 'Terminal 1', 2, 22),
(213, 'Terminal 1', 3, 22),
(214, 'Terminal 1', 4, 22),
(215, 'Terminal 1', 5, 22),
(216, 'Terminal 1', 6, 22),
(217, 'Terminal 1', 7, 22),
(218, 'Terminal 1', 8, 22),
(219, 'Terminal 1', 9, 22),
(220, 'Terminal 1', 10, 22),
(221, 'Terminal 1', 1, 23),
(222, 'Terminal 1', 2, 23),
(223, 'Terminal 1', 3, 23),
(224, 'Terminal 1', 4, 23),
(225, 'Terminal 1', 5, 23),
(226, 'Terminal 1', 6, 23),
(227, 'Terminal 1', 7, 23),
(228, 'Terminal 1', 8, 23),
(229, 'Terminal 1', 9, 23),
(230, 'Terminal 1', 10, 23),
(231, 'Terminal 1', 1, 24),
(232, 'Terminal 1', 2, 24),
(233, 'Terminal 1', 3, 24),
(234, 'Terminal 1', 4, 24),
(235, 'Terminal 1', 5, 24),
(236, 'Terminal 1', 6, 24),
(237, 'Terminal 1', 7, 24),
(238, 'Terminal 1', 8, 24),
(239, 'Terminal 1', 9, 24),
(240, 'Terminal 1', 10, 24),
(241, 'Terminal 1', 1, 25),
(242, 'Terminal 1', 2, 25),
(243, 'Terminal 1', 3, 25),
(244, 'Terminal 1', 4, 25),
(245, 'Terminal 1', 5, 25),
(246, 'Terminal 1', 6, 25),
(247, 'Terminal 1', 7, 25),
(248, 'Terminal 1', 8, 25),
(249, 'Terminal 1', 9, 25),
(250, 'Terminal 1', 10, 25),
(251, 'Terminal 1', 1, 26),
(252, 'Terminal 1', 2, 26),
(253, 'Terminal 1', 3, 26),
(254, 'Terminal 1', 4, 26),
(255, 'Terminal 1', 5, 26),
(256, 'Terminal 1', 6, 26),
(257, 'Terminal 1', 7, 26),
(258, 'Terminal 1', 8, 26),
(259, 'Terminal 1', 9, 26),
(260, 'Terminal 1', 10, 26),
(261, 'Terminal 1', 1, 27),
(262, 'Terminal 1', 2, 27),
(263, 'Terminal 1', 3, 27),
(264, 'Terminal 1', 4, 27),
(265, 'Terminal 1', 5, 27),
(266, 'Terminal 1', 6, 27),
(267, 'Terminal 1', 7, 27),
(268, 'Terminal 1', 8, 27),
(269, 'Terminal 1', 9, 27),
(270, 'Terminal 1', 10, 27),
(271, 'Terminal 1', 1, 28),
(272, 'Terminal 1', 2, 28),
(273, 'Terminal 1', 3, 28),
(274, 'Terminal 1', 4, 28),
(275, 'Terminal 1', 5, 28),
(276, 'Terminal 1', 6, 28),
(277, 'Terminal 1', 7, 28),
(278, 'Terminal 1', 8, 28),
(279, 'Terminal 1', 9, 28),
(280, 'Terminal 1', 10, 28),
(281, 'Terminal 1', 1, 29),
(282, 'Terminal 1', 2, 29),
(283, 'Terminal 1', 3, 29),
(284, 'Terminal 1', 4, 29),
(285, 'Terminal 1', 5, 29),
(286, 'Terminal 1', 6, 29),
(287, 'Terminal 1', 7, 29),
(288, 'Terminal 1', 8, 29),
(289, 'Terminal 1', 9, 29),
(290, 'Terminal 1', 10, 29),
(291, 'Terminal 1', 1, 30),
(292, 'Terminal 1', 2, 30),
(293, 'Terminal 1', 3, 30),
(294, 'Terminal 1', 4, 30),
(295, 'Terminal 1', 5, 30),
(296, 'Terminal 1', 6, 30),
(297, 'Terminal 1', 7, 30),
(298, 'Terminal 1', 8, 30),
(299, 'Terminal 1', 9, 30),
(300, 'Terminal 1', 10, 30),
(301, 'Terminal 1', 1, 31),
(302, 'Terminal 1', 2, 31),
(303, 'Terminal 1', 3, 31),
(304, 'Terminal 1', 4, 31),
(305, 'Terminal 1', 5, 31),
(306, 'Terminal 1', 6, 31),
(307, 'Terminal 1', 7, 31),
(308, 'Terminal 1', 8, 31),
(309, 'Terminal 1', 9, 31),
(310, 'Terminal 1', 10, 31),
(311, 'Terminal 1', 1, 32),
(312, 'Terminal 1', 2, 32),
(313, 'Terminal 1', 3, 32),
(314, 'Terminal 1', 4, 32),
(315, 'Terminal 1', 5, 32),
(316, 'Terminal 1', 6, 32),
(317, 'Terminal 1', 7, 32),
(318, 'Terminal 1', 8, 32),
(319, 'Terminal 1', 9, 32),
(320, 'Terminal 1', 10, 32),
(321, 'Terminal 1', 1, 33),
(322, 'Terminal 1', 2, 33),
(323, 'Terminal 1', 3, 33),
(324, 'Terminal 1', 4, 33),
(325, 'Terminal 1', 5, 33),
(326, 'Terminal 1', 6, 33),
(327, 'Terminal 1', 7, 33),
(328, 'Terminal 1', 8, 33),
(329, 'Terminal 1', 9, 33),
(330, 'Terminal 1', 10, 33),
(331, 'Terminal 1', 1, 34),
(332, 'Terminal 1', 2, 34),
(333, 'Terminal 1', 3, 34),
(334, 'Terminal 1', 4, 34),
(335, 'Terminal 1', 5, 34),
(336, 'Terminal 1', 6, 34),
(337, 'Terminal 1', 7, 34),
(338, 'Terminal 1', 8, 34),
(339, 'Terminal 1', 9, 34),
(340, 'Terminal 1', 10, 34),
(341, 'Terminal 1', 1, 35),
(342, 'Terminal 1', 2, 35),
(343, 'Terminal 1', 3, 35),
(344, 'Terminal 1', 4, 35),
(345, 'Terminal 1', 5, 35),
(346, 'Terminal 1', 6, 35),
(347, 'Terminal 1', 7, 35),
(348, 'Terminal 1', 8, 35),
(349, 'Terminal 1', 9, 35),
(350, 'Terminal 1', 10, 35),
(351, 'Terminal 1', 1, 36),
(352, 'Terminal 1', 2, 36),
(353, 'Terminal 1', 3, 36),
(354, 'Terminal 1', 4, 36),
(355, 'Terminal 1', 5, 36),
(356, 'Terminal 1', 6, 36),
(357, 'Terminal 1', 7, 36),
(358, 'Terminal 1', 8, 36),
(359, 'Terminal 1', 9, 36),
(360, 'Terminal 1', 10, 36),
(361, 'Terminal 1', 1, 37),
(362, 'Terminal 1', 2, 37),
(363, 'Terminal 1', 3, 37),
(364, 'Terminal 1', 4, 37),
(365, 'Terminal 1', 5, 37),
(366, 'Terminal 1', 6, 37),
(367, 'Terminal 1', 7, 37),
(368, 'Terminal 1', 8, 37),
(369, 'Terminal 1', 9, 37),
(370, 'Terminal 1', 10, 37),
(371, 'Terminal 1', 1, 38),
(372, 'Terminal 1', 2, 38),
(373, 'Terminal 1', 3, 38),
(374, 'Terminal 1', 4, 38),
(375, 'Terminal 1', 5, 38),
(376, 'Terminal 1', 6, 38),
(377, 'Terminal 1', 7, 38),
(378, 'Terminal 1', 8, 38),
(379, 'Terminal 1', 9, 38),
(380, 'Terminal 1', 10, 38),
(381, 'Terminal 1', 1, 39),
(382, 'Terminal 1', 2, 39),
(383, 'Terminal 1', 3, 39),
(384, 'Terminal 1', 4, 39),
(385, 'Terminal 1', 5, 39),
(386, 'Terminal 1', 6, 39),
(387, 'Terminal 1', 7, 39),
(388, 'Terminal 1', 8, 39),
(389, 'Terminal 1', 9, 39),
(390, 'Terminal 1', 10, 39),
(391, 'Terminal 1', 1, 40),
(392, 'Terminal 1', 2, 40),
(393, 'Terminal 1', 3, 40),
(394, 'Terminal 1', 4, 40),
(395, 'Terminal 1', 5, 40),
(396, 'Terminal 1', 6, 40),
(397, 'Terminal 1', 7, 40),
(398, 'Terminal 1', 8, 40),
(399, 'Terminal 1', 9, 40),
(400, 'Terminal 1', 10, 40);

INSERT INTO Voli (FlightID, NumeroVolo, DataOraPartenza, DataOraArrivo, AeroportoPartenzaID, AeroportoArrivoID, CompagniaAereaID, AircraftID, GatePartenzaID, GateArrivoID) VALUES
(1, 'AZ101', '2024-06-01 08:00:00', '2024-06-01 10:00:00', 1, 2, 1, '9HWAS1', 1, 11),
(2, 'AF102', '2024-06-01 09:00:00', '2024-06-01 11:30:00', 2, 3, 2, 'EIDCL1', 12, 21),
(3, 'LH103', '2024-06-01 07:00:00', '2024-06-01 09:00:00', 3, 4, 3, 'GEZBZ1', 23, 31),
(4, 'BA104', '2024-06-01 10:00:00', '2024-06-01 12:00:00', 4, 5, 4, 'DABCD1', 34, 41),
(5, 'KL105', '2024-06-01 11:00:00', '2024-06-01 13:00:00', 5, 6, 5, 'FHBLA1', 45, 51),
(6, 'EK106', '2024-06-01 06:00:00', '2024-06-01 08:30:00', 6, 7, 6, 'A6EDC1', 56, 61),
(7, 'QR107', '2024-06-01 07:30:00', '2024-06-01 09:30:00', 7, 8, 7, 'A7BAE1', 67, 71),
(8, 'SQ108', '2024-06-01 08:45:00', '2024-06-01 10:45:00', 8, 9, 8, '9VSKZ1', 78, 81),
(9, 'CX109', '2024-06-01 09:15:00', '2024-06-01 11:15:00', 9, 10, 9, 'BKPF01', 89, 91),
(10, 'QF110', '2024-06-01 10:30:00', '2024-06-01 12:30:00', 10, 11, 10, 'VHOQE1', 100, 101),
(11, 'EY111', '2024-06-01 11:45:00', '2024-06-01 14:15:00', 11, 12, 11, 'A6EDE1', 111, 121),
(12, 'TK112', '2024-06-01 12:00:00', '2024-06-01 14:30:00', 12, 13, 12, 'TCJJP1', 122, 131),
(13, 'LX113', '2024-06-01 06:00:00', '2024-06-01 08:00:00', 13, 14, 13, 'HBJNB1', 133, 141),
(14, 'IB114', '2024-06-01 07:00:00', '2024-06-01 09:00:00', 14, 15, 14, 'ECIZY1', 144, 151),
(15, 'AA115', '2024-06-01 08:00:00', '2024-06-01 10:30:00', 15, 16, 15, 'N780AN', 155, 161),
(16, 'DL116', '2024-06-01 09:00:00', '2024-06-01 11:00:00', 16, 17, 16, 'N3748Y', 166, 171),
(17, 'UA117', '2024-06-01 10:00:00', '2024-06-01 12:00:00', 17, 18, 17, 'N775UA', 177, 181),
(18, 'AC118', '2024-06-01 11:00:00', '2024-06-01 13:30:00', 18, 19, 18, 'CFNND1', 188, 191),
(19, 'JL119', '2024-06-01 12:00:00', '2024-06-01 14:00:00', 19, 20, 19, 'JA865J', 199, 201),
(20, 'NH120', '2024-06-01 06:00:00', '2024-06-01 08:00:00', 20, 21, 20, 'JA789A', 203, 211),
(21, 'CA121', '2024-06-01 07:00:00', '2024-06-01 09:00:00', 21, 22, 21, 'B20351', 213, 221),
(22, 'MU122', '2024-06-01 08:00:00', '2024-06-01 10:00:00', 22, 23, 22, 'B61271', 224, 231),
(23, 'CZ123', '2024-06-01 09:00:00', '2024-06-01 11:00:00', 23, 24, 23, 'B18210', 233, 241),
(24, 'SU124', '2024-06-01 10:00:00', '2024-06-01 12:30:00', 24, 25, 24, 'VPBGW1', 244, 251),
(25, 'WN125', '2024-06-01 11:00:00', '2024-06-01 13:00:00', 25, 26, 25, 'N8602F', 255, 261),
(26, 'FR126', '2024-06-01 12:00:00', '2024-06-01 14:00:00', 26, 27, 26, 'EIDCL2', 266, 271),
(27, 'U2127', '2024-06-01 06:00:00', '2024-06-01 08:00:00', 27, 28, 27, 'GEZDJ1', 273, 281),
(28, 'DY128', '2024-06-01 07:00:00', '2024-06-01 09:00:00', 28, 29, 28, 'LNDYQ1', 283, 291),
(29, '9W129', '2024-06-01 08:00:00', '2024-06-01 10:00:00', 29, 30, 29, 'VTJEW1', 294, 301),
(30, 'HU130', '2024-06-01 09:00:00', '2024-06-01 11:00:00', 30, 31, 30, 'B27361', 304, 311),
(31, 'AZ131', '2024-06-02 08:00:00', '2024-06-02 10:00:00', 31, 32, 1, '9HWAS1', 1, 11),
(32, 'AF132', '2024-06-02 09:00:00', '2024-06-02 11:30:00', 32, 33, 2, 'EIDCL1', 12, 21),
(33, 'LH133', '2024-06-02 07:00:00', '2024-06-02 09:00:00', 33, 34, 3, 'GEZBZ1', 23, 31),
(34, 'BA134', '2024-06-02 10:00:00', '2024-06-02 12:00:00', 34, 35, 4, 'DABCD1', 34, 41),
(35, 'KL135', '2024-06-02 11:00:00', '2024-06-02 13:00:00', 35, 36, 5, 'FHBLA1', 45, 51),
(36, 'EK136', '2024-06-02 06:00:00', '2024-06-02 08:30:00', 36, 37, 6, 'A6EDC1', 56, 61),
(37, 'QR137', '2024-06-02 07:30:00', '2024-06-02 09:30:00', 37, 38, 7, 'A7BAE1', 67, 71),
(38, 'SQ138', '2024-06-02 08:45:00', '2024-06-02 10:45:00', 38, 39, 8, '9VSKZ1', 78, 81),
(39, 'CX139', '2024-06-02 09:15:00', '2024-06-02 11:15:00', 39, 40, 9, 'BKPF01', 89, 91),
(40, 'QF140', '2024-06-02 10:30:00', '2024-06-02 12:30:00', 40, 1, 10, 'VHOQE1', 100, 101),
(41, 'EY141', '2024-06-02 11:45:00', '2024-06-02 14:15:00', 1, 2, 11, 'A6EDE1', 111, 121),
(42, 'TK142', '2024-06-02 12:00:00', '2024-06-02 14:30:00', 2, 3, 12, 'TCJJP1', 122, 131),
(43, 'LX143', '2024-06-02 06:00:00', '2024-06-02 08:00:00', 3, 4, 13, 'HBJNB1', 133, 141),
(44, 'IB144', '2024-06-02 07:00:00', '2024-06-02 09:00:00', 4, 5, 14, 'ECIZY1', 144, 151),
(45, 'AA145', '2024-06-02 08:00:00', '2024-06-02 10:30:00', 5, 6, 15, 'N780AN', 155, 161),
(46, 'DL146', '2024-06-02 09:00:00', '2024-06-02 11:00:00', 6, 7, 16, 'N3748Y', 166, 171),
(47, 'UA147', '2024-06-02 10:00:00', '2024-06-02 12:00:00', 7, 8, 17, 'N775UA', 177, 181),
(48, 'AC148', '2024-06-02 11:00:00', '2024-06-02 13:30:00', 8, 9, 18, 'CFNND1', 188, 191),
(49, 'JL149', '2024-06-02 12:00:00', '2024-06-02 14:00:00', 9, 10, 19, 'JA865J', 199, 201),
(50, 'NH150', '2024-06-02 06:00:00', '2024-06-02 08:00:00', 10, 11, 20, 'JA789A', 203, 211),
(51, 'CA151', '2024-06-03 07:00:00', '2024-06-03 09:00:00', 11, 12, 21, 'B20351', 213, 221),
(52, 'MU152', '2024-06-03 08:00:00', '2024-06-03 10:00:00', 12, 13, 22, 'B61271', 224, 231),
(53, 'CZ153', '2024-06-03 09:00:00', '2024-06-03 11:00:00', 13, 14, 23, 'B18210', 233, 241),
(54, 'SU154', '2024-06-03 10:00:00', '2024-06-03 12:30:00', 14, 15, 24, 'VPBGW1', 244, 251),
(55, 'WN155', '2024-06-03 11:00:00', '2024-06-03 13:00:00', 15, 16, 25, 'N8602F', 255, 261),
(56, 'FR156', '2024-06-03 12:00:00', '2024-06-03 14:00:00', 16, 17, 26, 'EIDCL2', 266, 271),
(57, 'U2157', '2024-06-03 06:00:00', '2024-06-03 08:00:00', 17, 18, 27, 'GEZDJ1', 273, 281),
(58, 'DY158', '2024-06-03 07:00:00', '2024-06-03 09:00:00', 18, 19, 28, 'LNDYQ1', 283, 291),
(59, '9W159', '2024-06-03 08:00:00', '2024-06-03 10:00:00', 19, 20, 29, 'VTJEW1', 294, 301),
(60, 'HU160', '2024-06-03 09:00:00', '2024-06-03 11:00:00', 20, 21, 30, 'B27361', 304, 311),
(61, 'AZ161', '2024-06-04 08:00:00', '2024-06-04 10:00:00', 21, 22, 1, '9HWAS1', 1, 11),
(62, 'AF162', '2024-06-04 09:00:00', '2024-06-04 11:30:00', 22, 23, 2, 'EIDCL1', 12, 21),
(63, 'LH163', '2024-06-04 07:00:00', '2024-06-04 09:00:00', 23, 24, 3, 'GEZBZ1', 23, 31),
(64, 'BA164', '2024-06-04 10:00:00', '2024-06-04 12:00:00', 24, 25, 4, 'DABCD1', 34, 41),
(65, 'KL165', '2024-06-04 11:00:00', '2024-06-04 13:00:00', 25, 26, 5, 'FHBLA1', 45, 51),
(66, 'EK166', '2024-06-04 06:00:00', '2024-06-04 08:30:00', 26, 27, 6, 'A6EDC1', 56, 61),
(67, 'QR167', '2024-06-04 07:30:00', '2024-06-04 09:30:00', 27, 28, 7, 'A7BAE1', 67, 71),
(68, 'SQ168', '2024-06-04 08:45:00', '2024-06-04 10:45:00', 28, 29, 8, '9VSKZ1', 78, 81),
(69, 'CX169', '2024-06-04 09:15:00', '2024-06-04 11:15:00', 29, 30, 9, 'BKPF01', 89, 91),
(70, 'QF170', '2024-06-04 10:30:00', '2024-06-04 12:30:00', 30, 31, 10, 'VHOQE1', 100, 101),
(71, 'EY171', '2024-06-04 11:45:00', '2024-06-04 14:15:00', 31, 32, 11, 'A6EDE1', 111, 121),
(72, 'TK172', '2024-06-04 12:00:00', '2024-06-04 14:30:00', 32, 33, 12, 'TCJJP1', 122, 131),
(73, 'LX173', '2024-06-04 06:00:00', '2024-06-04 08:00:00', 33, 34, 13, 'HBJNB1', 133, 141),
(74, 'IB174', '2024-06-04 07:00:00', '2024-06-04 09:00:00', 34, 35, 14, 'ECIZY1', 144, 151),
(75, 'AA175', '2024-06-04 08:00:00', '2024-06-04 10:30:00', 35, 36, 15, 'N780AN', 155, 161),
(76, 'DL176', '2024-06-04 09:00:00', '2024-06-04 11:00:00', 36, 37, 16, 'N3748Y', 166, 171),
(77, 'UA177', '2024-06-04 10:00:00', '2024-06-04 12:00:00', 37, 38, 17, 'N775UA', 177, 181),
(78, 'AC178', '2024-06-04 11:00:00', '2024-06-04 13:30:00', 38, 39, 18, 'CFNND1', 188, 191),
(79, 'JL179', '2024-06-04 12:00:00', '2024-06-04 14:00:00', 39, 40, 19, 'JA865J', 199, 201),
(80, 'NH180', '2024-06-04 06:00:00', '2024-06-04 08:00:00', 40, 1, 20, 'JA789A', 203, 211),
(81, 'CA181', '2024-06-05 07:00:00', '2024-06-05 09:00:00', 1, 2, 21, 'B20351', 213, 221),
(82, 'MU182', '2024-06-05 08:00:00', '2024-06-05 10:00:00', 2, 3, 22, 'B61271', 224, 231),
(83, 'CZ183', '2024-06-05 09:00:00', '2024-06-05 11:00:00', 3, 4, 23, 'B18210', 233, 241),
(84, 'SU184', '2024-06-05 10:00:00', '2024-06-05 12:30:00', 4, 5, 24, 'VPBGW1', 244, 251),
(85, 'WN185', '2024-06-05 11:00:00', '2024-06-05 13:00:00', 5, 6, 25, 'N8602F', 255, 261),
(86, 'FR186', '2024-06-05 12:00:00', '2024-06-05 14:00:00', 6, 7, 26, 'EIDCL2', 266, 271),
(87, 'U2187', '2024-06-05 06:00:00', '2024-06-05 08:00:00', 7, 8, 27, 'GEZDJ1', 273, 281),
(88, 'DY188', '2024-06-05 07:00:00', '2024-06-05 09:00:00', 8, 9, 28, 'LNDYQ1', 283, 291),
(89, '9W189', '2024-06-05 08:00:00', '2024-06-05 10:00:00', 9, 10, 29, 'VTJEW1', 294, 301),
(90, 'HU190', '2024-06-05 09:00:00', '2024-06-05 11:00:00', 10, 11, 30, 'B27361', 304, 311),
(91, 'AZ191', '2024-06-06 08:00:00', '2024-06-06 10:00:00', 11, 12, 1, '9HWAS1', 1, 11),
(92, 'AF192', '2024-06-06 09:00:00', '2024-06-06 11:30:00', 12, 13, 2, 'EIDCL1', 12, 21),
(93, 'LH193', '2024-06-06 07:00:00', '2024-06-06 09:00:00', 13, 14, 3, 'GEZBZ1', 23, 31),
(94, 'BA194', '2024-06-06 10:00:00', '2024-06-06 12:00:00', 14, 15, 4, 'DABCD1', 34, 41),
(95, 'KL195', '2024-06-06 11:00:00', '2024-06-06 13:00:00', 15, 16, 5, 'FHBLA1', 45, 51),
(96, 'EK196', '2024-06-06 06:00:00', '2024-06-06 08:30:00', 16, 17, 6, 'A6EDC1', 56, 61),
(97, 'QR197', '2024-06-06 07:30:00', '2024-06-06 09:30:00', 17, 18, 7, 'A7BAE1', 67, 71),
(98, 'SQ198', '2024-06-06 08:45:00', '2024-06-06 10:45:00', 18, 19, 8, '9VSKZ1', 78, 81),
(99, 'CX199', '2024-06-06 09:15:00', '2024-06-06 11:15:00', 19, 20, 9, 'BKPF01', 89, 91),
(100, 'QF200', '2024-06-06 10:30:00', '2024-06-06 12:30:00', 20, 21, 10, 'VHOQE1', 100, 101),
(101, 'EY201', '2024-06-06 11:45:00', '2024-06-06 14:15:00', 21, 22, 11, 'A6EDE1', 111, 121),
(102, 'TK202', '2024-06-06 12:00:00', '2024-06-06 14:30:00', 22, 23, 12, 'TCJJP1', 122, 131),
(103, 'LX203', '2024-06-06 06:00:00', '2024-06-06 08:00:00', 23, 24, 13, 'HBJNB1', 133, 141),
(104, 'IB204', '2024-06-06 07:00:00', '2024-06-06 09:00:00', 24, 25, 14, 'ECIZY1', 144, 151),
(105, 'AA205', '2024-06-06 08:00:00', '2024-06-06 10:30:00', 25, 26, 15, 'N780AN', 155, 161),
(106, 'DL206', '2024-06-06 09:00:00', '2024-06-06 11:00:00', 26, 27, 16, 'N3748Y', 166, 171),
(107, 'UA207', '2024-06-06 10:00:00', '2024-06-06 12:00:00', 27, 28, 17, 'N775UA', 177, 181),
(108, 'AC208', '2024-06-06 11:00:00', '2024-06-06 13:30:00', 28, 29, 18, 'CFNND1', 188, 191),
(109, 'JL209', '2024-06-06 12:00:00', '2024-06-06 14:00:00', 29, 30, 19, 'JA865J', 199, 201),
(110, 'NH210', '2024-06-06 06:00:00', '2024-06-06 08:00:00', 30, 31, 20, 'JA789A', 203, 211),
(111, 'CA211', '2024-06-07 07:00:00', '2024-06-07 09:00:00', 31, 32, 21, 'B20351', 213, 221),
(112, 'MU212', '2024-06-07 08:00:00', '2024-06-07 10:00:00', 32, 33, 22, 'B61271', 224, 231),
(113, 'CZ213', '2024-06-07 09:00:00', '2024-06-07 11:00:00', 33, 34, 23, 'B18210', 233, 241),
(114, 'SU214', '2024-06-07 10:00:00', '2024-06-07 12:30:00', 34, 35, 24, 'VPBGW1', 244, 251),
(115, 'WN215', '2024-06-07 11:00:00', '2024-06-07 13:00:00', 35, 36, 25, 'N8602F', 255, 261),
(116, 'FR216', '2024-06-07 12:00:00', '2024-06-07 14:00:00', 36, 37, 26, 'EIDCL2', 266, 271),
(117, 'U2217', '2024-06-07 06:00:00', '2024-06-07 08:00:00', 37, 38, 27, 'GEZDJ1', 273, 281),
(118, 'DY218', '2024-06-07 07:00:00', '2024-06-07 09:00:00', 38, 39, 28, 'LNDYQ1', 283, 291),
(119, '9W219', '2024-06-07 08:00:00', '2024-06-07 10:00:00', 39, 40, 29, 'VTJEW1', 294, 301),
(120, 'HU220', '2024-06-07 09:00:00', '2024-06-07 11:00:00', 40, 1, 30, 'B27361', 304, 311),
(121, 'AZ221', '2024-06-08 08:00:00', '2024-06-08 10:00:00', 1, 2, 1, '9HWAS1', 1, 11),
(122, 'AF222', '2024-06-08 09:00:00', '2024-06-08 11:30:00', 2, 3, 2, 'EIDCL1', 12, 21),
(123, 'LH223', '2024-06-08 07:00:00', '2024-06-08 09:00:00', 3, 4, 3, 'GEZBZ1', 23, 31),
(124, 'BA224', '2024-06-08 10:00:00', '2024-06-08 12:00:00', 4, 5, 4, 'DABCD1', 34, 41),
(125, 'KL225', '2024-06-08 11:00:00', '2024-06-08 13:00:00', 5, 6, 5, 'FHBLA1', 45, 51),
(126, 'EK226', '2024-06-08 06:00:00', '2024-06-08 08:30:00', 6, 7, 6, 'A6EDC1', 56, 61),
(127, 'QR227', '2024-06-08 07:30:00', '2024-06-08 09:30:00', 7, 8, 7, 'A7BAE1', 67, 71),
(128, 'SQ228', '2024-06-08 08:45:00', '2024-06-08 10:45:00', 8, 9, 8, '9VSKZ1', 78, 81),
(129, 'CX229', '2024-06-08 09:15:00', '2024-06-08 11:15:00', 9, 10, 9, 'BKPF01', 89, 91),
(130, 'QF230', '2024-06-08 10:30:00', '2024-06-08 12:30:00', 10, 11, 10, 'VHOQE1', 100, 101),
(131, 'EY231', '2024-06-08 11:45:00', '2024-06-08 14:15:00', 11, 12, 11, 'A6EDE1', 111, 121),
(132, 'TK232', '2024-06-08 12:00:00', '2024-06-08 14:30:00', 12, 13, 12, 'TCJJP1', 122, 131),
(133, 'LX233', '2024-06-08 06:00:00', '2024-06-08 08:00:00', 13, 14, 13, 'HBJNB1', 133, 141),
(134, 'IB234', '2024-06-08 07:00:00', '2024-06-08 09:00:00', 14, 15, 14, 'ECIZY1', 144, 151),
(135, 'AA235', '2024-06-08 08:00:00', '2024-06-08 10:30:00', 15, 16, 15, 'N780AN', 155, 161),
(136, 'DL236', '2024-06-08 09:00:00', '2024-06-08 11:00:00', 16, 17, 16, 'N3748Y', 166, 171),
(137, 'UA237', '2024-06-08 10:00:00', '2024-06-08 12:00:00', 17, 18, 17, 'N775UA', 177, 181),
(138, 'AC238', '2024-06-08 11:00:00', '2024-06-08 13:30:00', 18, 19, 18, 'CFNND1', 188, 191),
(139, 'JL239', '2024-06-08 12:00:00', '2024-06-08 14:00:00', 19, 20, 19, 'JA865J', 199, 201),
(140, 'NH240', '2024-06-08 06:00:00', '2024-06-08 08:00:00', 20, 21, 20, 'JA789A', 203, 211),
(141, 'CA241', '2024-06-09 07:00:00', '2024-06-09 09:00:00', 21, 22, 21, 'B20351', 213, 221),
(142, 'MU242', '2024-06-09 08:00:00', '2024-06-09 10:00:00', 22, 23, 22, 'B61271', 224, 231),
(143, 'CZ243', '2024-06-09 09:00:00', '2024-06-09 11:00:00', 23, 24, 23, 'B18210', 233, 241),
(144, 'SU244', '2024-06-09 10:00:00', '2024-06-09 12:30:00', 24, 25, 24, 'VPBGW1', 244, 251),
(145, 'WN245', '2024-06-09 11:00:00', '2024-06-09 13:00:00', 25, 26, 25, 'N8602F', 255, 261),
(146, 'FR246', '2024-06-09 12:00:00', '2024-06-09 14:00:00', 26, 27, 26, 'EIDCL2', 266, 271),
(147, 'U2247', '2024-06-09 06:00:00', '2024-06-09 08:00:00', 27, 28, 27, 'GEZDJ1', 273, 281),
(150, 'HU250', '2024-06-09 09:00:00', '2024-06-09 11:00:00', 30, 31, 30, 'B27361', 304, 311);


INSERT INTO Passeggeri (PasseggeroID, Nome, Cognome, DataDiNascita, Nazionalità, DocumentoIdentità) VALUES
(1, 'Mario', 'Rossi', '1980-01-01', 'Italia', 'AA123456'),
(2, 'Luigi', 'Verdi', '1982-02-02', 'Italia', 'AB654321'),
(3, 'Anna', 'Bianchi', '1990-03-03', 'Italia', 'AC234567'),
(4, 'Giulia', 'Neri', '1985-04-04', 'Italia', 'AD345678'),
(5, 'Marco', 'Gialli', '1975-05-05', 'Italia', 'AE456789'),
(6, 'Elena', 'Blu', '1988-06-06', 'Italia', 'AF567890'),
(7, 'Francesco', 'Viola', '1992-07-07', 'Italia', 'AG678901'),
(8, 'Sara', 'Marrone', '1994-08-08', 'Italia', 'AH789012'),
(9, 'Davide', 'Rosso', '1987-09-09', 'Italia', 'AI890123'),
(10, 'Laura', 'Arancio', '1983-10-10', 'Italia', 'AJ901234'),
(11, 'Alessandro', 'Grigio', '1991-11-11', 'Italia', 'AK012345'),
(12, 'Chiara', 'Bianco', '1989-12-12', 'Italia', 'AL123456'),
(13, 'Giovanni', 'Celeste', '1979-01-13', 'Italia', 'AM234567'),
(14, 'Federica', 'Ocra', '1986-02-14', 'Italia', 'AN345678'),
(15, 'Matteo', 'Azzurro', '1984-03-15', 'Italia', 'AO456789'),
(16, 'Martina', 'Indaco', '1993-04-16', 'Italia', 'AP567890'),
(17, 'Simone', 'Fucsia', '1981-05-17', 'Italia', 'AQ678901'),
(18, 'Valeria', 'Lilla', '1995-06-18', 'Italia', 'AR789012'),
(19, 'Luca', 'Oro', '1982-07-19', 'Italia', 'AS890123'),
(20, 'Silvia', 'Argento', '1990-08-20', 'Italia', 'AT901234'),
(21, 'Andrea', 'Bronzo', '1987-09-21', 'Italia', 'AU012345'),
(22, 'Roberta', 'Zaffiro', '1985-10-22', 'Italia', 'AV123456'),
(23, 'Stefano', 'Smeraldo', '1978-11-23', 'Italia', 'AW234567'),
(24, 'Giorgia', 'Ambra', '1992-12-24', 'Italia', 'AX345678'),
(25, 'Emanuele', 'Rubino', '1989-01-25', 'Italia', 'AY456789'),
(26, 'Michela', 'Corallo', '1986-02-26', 'Italia', 'AZ567890'),
(27, 'Nicola', 'Topazio', '1984-03-27', 'Italia', 'BA678901'),
(28, 'Claudia', 'Turchese', '1993-04-28', 'Italia', 'BB789012'),
(29, 'Daniele', 'Ametista', '1981-05-29', 'Italia', 'BC890123'),
(30, 'Barbara', 'Giada', '1994-06-30', 'Italia', 'BD901234'),
(31, 'Fabio', 'Perla', '1988-07-31', 'Italia', 'BE012345'),
(32, 'Giada', 'Sabbia', '1990-08-01', 'Italia', 'BF123456'),
(33, 'Riccardo', 'Olivina', '1977-09-02', 'Italia', 'BG234567'),
(34, 'Serena', 'Aventurina', '1986-10-03', 'Italia', 'BH345678'),
(35, 'Tommaso', 'Agata', '1982-11-04', 'Italia', 'BI456789'),
(36, 'Paola', 'Quarzo', '1987-12-05', 'Italia', 'BJ567890'),
(37, 'Cristiano', 'Granato', '1991-01-06', 'Italia', 'BK678901'),
(38, 'Debora', 'Diaspro', '1992-02-07', 'Italia', 'BL789012'),
(39, 'Giulio', 'Onice', '1989-03-08', 'Italia', 'BM890123'),
(40, 'Elisabetta', 'Tormalina', '1983-04-09', 'Italia', 'BN901234'),
(41, 'Lorenzo', 'Malachite', '1985-05-10', 'Italia', 'BO012345'),
(42, 'Federico', 'Citrino', '1979-06-11', 'Italia', 'BP123456'),
(43, 'Lucia', 'Acquamarina', '1988-07-12', 'Italia', 'BQ234567'),
(44, 'Francesca', 'Lapislazzuli', '1993-08-13', 'Italia', 'BR345678'),
(45, 'Enrico', 'Azzurrite', '1984-09-14', 'Italia', 'BS456789'),
(46, 'Vittoria', 'Calcite', '1990-10-15', 'Italia', 'BT567890'),
(47, 'Gabriele', 'Rodonite', '1986-11-16', 'Italia', 'BU678901'),
(48, 'Eleonora', 'Pietra di Luna', '1987-12-17', 'Italia', 'BV789012'),
(49, 'Pietro', 'Pietra di Sole', '1991-01-18', 'Italia', 'BW890123'),
(50, 'Alice', 'Gesso', '1994-02-19', 'Italia', 'BX901234'),
(51, 'Massimo', 'Basalto', '1983-03-20', 'Italia', 'BY012345'),
(52, 'Beatrice', 'Ossidiana', '1985-04-21', 'Italia', 'BZ123456'),
(53, 'Roberto', 'Zircone', '1981-05-22', 'Italia', 'CA234567'),
(54, 'Arianna', 'Tanzanite', '1992-06-23', 'Italia', 'CB345678'),
(55, 'Cristina', 'Morganite', '1988-07-24', 'Italia', 'CC456789'),
(56, 'Giuseppe', 'Turchese', '1990-08-25', 'Italia', 'CD567890'),
(57, 'Irene', 'Kunzite', '1982-09-26', 'Italia', 'CE678901'),
(58, 'Leonardo', 'Sugilite', '1984-10-27', 'Italia', 'CF789012'),
(59, 'Chiara', 'Cristallo di Rocca', '1987-11-28', 'Italia', 'CG890123'),
(60, 'Matilde', 'Moldavite', '1991-12-29', 'Italia', 'CH901234'),
(61, 'Giovanni', 'Aragonite', '1980-01-30', 'Italia', 'CI012345'),
(62, 'Giulia', 'Serpentino', '1985-05-31', 'Italia', 'CJ123456'),
(63, 'Paolo', 'Zoisite', '1982-03-01', 'Italia', 'CK234567'),
(64, 'Clara', 'Prehnite', '1993-04-02', 'Italia', 'CL345678'),
(65, 'Sergio', 'Sodalite', '1984-05-03', 'Italia', 'CM456789'),
(66, 'Elisa', 'Charoite', '1989-06-04', 'Italia', 'CN567890'),
(67, 'Valerio', 'Hematite', '1987-07-05', 'Italia', 'CO678901'),
(68, 'Sara', 'Ulexite', '1990-08-06', 'Italia', 'CP789012'),
(69, 'Michele', 'Tigereye', '1983-09-07', 'Italia', 'CQ890123'),
(70, 'Rita', 'Rodocrosite', '1981-10-08', 'Italia', 'CR901234'),
(71, 'Luca', 'Ammolite', '1992-11-09', 'Italia', 'CS012345'),
(72, 'Elena', 'Variscite', '1994-12-10', 'Italia', 'CT123456'),
(73, 'Stefano', 'Zaffiro', '1988-01-11', 'Italia', 'CU234567'),
(74, 'Marianna', 'Dioptase', '1991-02-12', 'Italia', 'CV345678'),
(75, 'Nicola', 'Garnet', '1986-03-13', 'Italia', 'CW456789'),
(76, 'Ludovica', 'Iolite', '1984-04-14', 'Italia', 'CX567890'),
(77, 'Giorgio', 'Jasper', '1980-05-15', 'Italia', 'CY678901'),
(78, 'Vera', 'Kyanite', '1993-06-16', 'Italia', 'CZ789012'),
(79, 'Davide', 'Labradorite', '1989-07-17', 'Italia', 'DA890123'),
(80, 'Silvia', 'Malachite', '1987-08-18', 'Italia', 'DB901234'),
(81, 'Riccardo', 'Nuummite', '1990-09-19', 'Italia', 'DC012345'),
(82, 'Federica', 'Opal', '1992-10-20', 'Italia', 'DD123456'),
(83, 'Alberto', 'Peridot', '1981-11-21', 'Italia', 'DE234567'),
(84, 'Simona', 'Quartz', '1984-12-22', 'Italia', 'DF345678'),
(85, 'Edoardo', 'Rutile', '1986-01-23', 'Italia', 'DG456789'),
(86, 'Agnese', 'Selenite', '1988-02-24', 'Italia', 'DH567890'),
(87, 'Daniele', 'Tektite', '1985-03-25', 'Italia', 'DI678901'),
(88, 'Anna', 'Unakite', '1991-04-26', 'Italia', 'DJ789012'),
(89, 'Lorenzo', 'Vesuvianite', '1987-05-27', 'Italia', 'DK890123'),
(90, 'Giorgia', 'Xenotime', '1992-06-28', 'Italia', 'DL901234'),
(91, 'Matteo', 'Yttrocerite', '1983-07-29', 'Italia', 'DM012345'),
(92, 'Vittoria', 'Zeolite', '1985-08-30', 'Italia', 'DN123456'),
(93, 'Antonio', 'Agata', '1982-09-01', 'Italia', 'DO234567'),
(94, 'Francesca', 'Cristallo', '1984-10-02', 'Italia', 'DP345678'),
(95, 'Alessio', 'Zircone', '1993-11-03', 'Italia', 'DQ456789'),
(96, 'Elena', 'Pietra', '1989-12-04', 'Italia', 'DR567890'),
(97, 'Roberto', 'Giorno', '1987-01-05', 'Italia', 'DS678901'),
(98, 'Claudia', 'Notte', '1991-02-06', 'Italia', 'DT789012'),
(99, 'Fabio', 'Alba', '1980-03-07', 'Italia', 'DU890123'),
(100, 'Beatrice', 'Tramonto', '1994-04-08', 'Italia', 'DV901234');

INSERT INTO Prenotazioni (NumeroBiglietto, PasseggeroID, FlightID, Classe, Prezzo) VALUES
('TKT00001', 1, 1, 'Economy', 150.00),
('TKT00002', 2, 2, 'Business', 450.00),
('TKT00003', 3, 3, 'Economy', 200.00),
('TKT00004', 4, 4, 'First', 900.00),
('TKT00005', 5, 5, 'Economy', 180.00),
('TKT00006', 6, 6, 'Business', 500.00),
('TKT00007', 7, 7, 'Economy', 220.00),
('TKT00008', 8, 8, 'First', 950.00),
('TKT00009', 9, 9, 'Economy', 160.00),
('TKT00010', 10, 10, 'Business', 480.00),
('TKT00011', 11, 11, 'Economy', 170.00),
('TKT00012', 12, 12, 'First', 1000.00),
('TKT00013', 13, 13, 'Economy', 200.00),
('TKT00014', 14, 14, 'Business', 460.00),
('TKT00015', 15, 15, 'Economy', 180.00),
('TKT00016', 16, 16, 'First', 920.00),
('TKT00017', 17, 17, 'Economy', 150.00),
('TKT00018', 18, 18, 'Business', 470.00),
('TKT00019', 19, 19, 'Economy', 210.00),
('TKT00020', 20, 20, 'First', 890.00),
('TKT00021', 21, 21, 'Economy', 170.00),
('TKT00022', 22, 22, 'Business', 450.00),
('TKT00023', 23, 23, 'Economy', 200.00),
('TKT00024', 24, 24, 'First', 910.00),
('TKT00025', 25, 25, 'Economy', 190.00),
('TKT00026', 26, 26, 'Business', 480.00),
('TKT00027', 27, 27, 'Economy', 220.00),
('TKT00028', 28, 28, 'First', 930.00),
('TKT00029', 29, 29, 'Economy', 180.00),
('TKT00030', 30, 30, 'Business', 460.00),
('TKT00031', 31, 31, 'Economy', 200.00),
('TKT00032', 32, 32, 'First', 950.00),
('TKT00033', 33, 33, 'Economy', 170.00),
('TKT00034', 34, 34, 'Business', 490.00),
('TKT00035', 35, 35, 'Economy', 180.00),
('TKT00036', 36, 36, 'First', 910.00),
('TKT00037', 37, 37, 'Economy', 150.00),
('TKT00038', 38, 38, 'Business', 450.00),
('TKT00039', 39, 39, 'Economy', 220.00),
('TKT00040', 40, 40, 'First', 890.00),
('TKT00041', 41, 1, 'Economy', 170.00),
('TKT00042', 42, 2, 'Business', 480.00),
('TKT00043', 43, 3, 'Economy', 200.00),
('TKT00044', 44, 4, 'First', 930.00),
('TKT00045', 45, 5, 'Economy', 180.00),
('TKT00046', 46, 6, 'Business', 460.00),
('TKT00047', 47, 7, 'Economy', 210.00),
('TKT00048', 48, 8, 'First', 920.00),
('TKT00049', 49, 9, 'Economy', 170.00),
('TKT00050', 50, 10, 'Business', 450.00),
('TKT00051', 51, 11, 'Economy', 200.00),
('TKT00052', 52, 12, 'First', 910.00),
('TKT00053', 53, 13, 'Economy', 180.00),
('TKT00054', 54, 14, 'Business', 470.00),
('TKT00055', 55, 15, 'Economy', 150.00),
('TKT00056', 56, 16, 'First', 900.00),
('TKT00057', 57, 17, 'Economy', 220.00),
('TKT00058', 58, 18, 'Business', 480.00),
('TKT00059', 59, 19, 'Economy', 170.00),
('TKT00060', 60, 20, 'First', 940.00),
('TKT00061', 61, 21, 'Economy', 200.00),
('TKT00062', 62, 22, 'Business', 460.00),
('TKT00063', 63, 23, 'Economy', 180.00),
('TKT00064', 64, 24, 'First', 950.00),
('TKT00065', 65, 25, 'Economy', 150.00),
('TKT00066', 66, 26, 'Business', 470.00),
('TKT00067', 67, 27, 'Economy', 220.00),
('TKT00068', 68, 28, 'First', 890.00),
('TKT00069', 69, 29, 'Economy', 170.00),
('TKT00070', 70, 30, 'Business', 450.00),
('TKT00071', 71, 1, 'Economy', 200.00),
('TKT00072', 72, 2, 'First', 910.00),
('TKT00073', 73, 3, 'Economy', 180.00),
('TKT00074', 74, 4, 'Business', 460.00),
('TKT00075', 75, 5, 'Economy', 220.00),
('TKT00076', 76, 6, 'First', 920.00),
('TKT00077', 77, 7, 'Economy', 150.00),
('TKT00078', 78, 8, 'Business', 480.00),
('TKT00079', 79, 9, 'Economy', 170.00),
('TKT00080', 80, 10, 'First', 950.00),
('TKT00081', 81, 11, 'Economy', 200.00),
('TKT00082', 82, 12, 'Business', 460.00),
('TKT00083', 83, 13, 'Economy', 180.00),
('TKT00084', 84, 14, 'First', 900.00),
('TKT00085', 85, 15, 'Economy', 220.00),
('TKT00086', 86, 16, 'Business', 470.00),
('TKT00087', 87, 17, 'Economy', 150.00),
('TKT00088', 88, 18, 'First', 940.00),
('TKT00089', 89, 19, 'Economy', 170.00),
('TKT00090', 90, 20, 'Business', 480.00),
('TKT00091', 91, 21, 'Economy', 200.00),
('TKT00092', 92, 22, 'First', 910.00),
('TKT00093', 93, 23, 'Economy', 180.00),
('TKT00094', 94, 24, 'Business', 460.00),
('TKT00095', 95, 25, 'Economy', 220.00),
('TKT00096', 96, 26, 'First', 900.00),
('TKT00097', 97, 27, 'Economy', 150.00),
('TKT00098', 98, 28, 'Business', 470.00),
('TKT00099', 99, 29, 'Economy', 170.00),
('TKT00100', 100, 30, 'First', 950.00),
('TKT00101', 1, 31, 'Economy', 200.00),
('TKT00102', 2, 32, 'Business', 460.00),
('TKT00103', 3, 33, 'Economy', 180.00),
('TKT00104', 4, 34, 'First', 900.00),
('TKT00105', 5, 35, 'Economy', 220.00),
('TKT00106', 6, 36, 'Business', 480.00),
('TKT00107', 7, 37, 'Economy', 170.00),
('TKT00108', 8, 38, 'First', 920.00),
('TKT00109', 9, 39, 'Economy', 200.00),
('TKT00110', 10, 40, 'Business', 450.00),
('TKT00111', 11, 1, 'Economy', 150.00),
('TKT00112', 12, 2, 'First', 900.00),
('TKT00113', 13, 3, 'Economy', 220.00),
('TKT00114', 14, 4, 'Business', 480.00),
('TKT00115', 15, 5, 'Economy', 170.00),
('TKT00116', 16, 6, 'First', 910.00),
('TKT00117', 17, 7, 'Economy', 200.00),
('TKT00118', 18, 8, 'Business', 450.00),
('TKT00119', 19, 9, 'Economy', 150.00),
('TKT00120', 20, 10, 'First', 940.00),
('TKT00121', 21, 11, 'Economy', 220.00),
('TKT00122', 22, 12, 'Business', 480.00),
('TKT00123', 23, 13, 'Economy', 170.00),
('TKT00124', 24, 14, 'First', 950.00),
('TKT00125', 25, 15, 'Economy', 200.00),
('TKT00126', 26, 16, 'Business', 460.00),
('TKT00127', 27, 17, 'Economy', 180.00),
('TKT00128', 28, 18, 'First', 900.00),
('TKT00129', 29, 19, 'Economy', 150.00),
('TKT00130', 30, 20, 'Business', 470.00),
('TKT00131', 31, 21, 'Economy', 220.00),
('TKT00132', 32, 22, 'First', 910.00),
('TKT00133', 33, 23, 'Economy', 170.00),
('TKT00134', 34, 24, 'Business', 480.00),
('TKT00135', 35, 25, 'Economy', 200.00),
('TKT00136', 36, 26, 'First', 900.00),
('TKT00137', 37, 27, 'Economy', 150.00),
('TKT00138', 38, 28, 'Business', 470.00),
('TKT001139', 39, 29, 'Economy', 220.00),
('TKT001140', 40, 30, 'First', 950.00),
('TKT001141', 41, 31, 'Economy', 200.00),
('TKT001142', 42, 32, 'Business', 460.00),
('TKT001143', 43, 33, 'Economy', 180.00),
('TKT001144', 44, 34, 'First', 900.00),
('TKT001145', 45, 35, 'Economy', 220.00),
('TKT001146', 46, 36, 'Business', 480.00),
('TKT001147', 47, 37, 'Economy', 170.00),
('TKT001148', 48, 38, 'First', 920.00),
('TKT001149', 49, 39, 'Economy', 200.00),
('TKT001150', 50, 40, 'Business', 450.00);


INSERT INTO Piloti (ID, OreDiVolo, Ruolo) VALUES
(1, 5000, 'Comandante'),
(2, 4500, 'Primo ufficiale'),
(5, 4800, 'Comandante'),
(6, 4300, 'Primo ufficiale'),
(9, 4700, 'Comandante'),
(10, 4200, 'Primo ufficiale'),
(13, 4600, 'Comandante'),
(14, 4100, 'Primo ufficiale'),
(17, 4500, 'Comandante'),
(18, 4000, 'Primo ufficiale'),
(21, 4400, 'Comandante'),
(22, 3900, 'Primo ufficiale'),
(25, 4300, 'Comandante'),
(26, 3800, 'Primo ufficiale'),
(29, 4200, 'Comandante'),
(30, 3700, 'Primo ufficiale'),
(33, 4100, 'Comandante'),
(34, 3600, 'Primo ufficiale'),
(37, 4000, 'Comandante'),
(38, 3500, 'Primo ufficiale'),
(41, 3900, 'Comandante'),
(42, 3400, 'Primo ufficiale'),
(45, 3800, 'Comandante'),
(46, 3300, 'Primo ufficiale'),
(49, 3700, 'Comandante'),
(50, 3200, 'Primo ufficiale'),
(53, 3600, 'Comandante'),
(54, 3100, 'Primo ufficiale'),
(57, 3500, 'Comandante'),
(58, 3000, 'Primo ufficiale'),
(61, 3400, 'Comandante'),
(62, 2900, 'Primo ufficiale'),
(65, 3300, 'Comandante'),
(66, 2800, 'Primo ufficiale'),
(69, 3200, 'Comandante'),
(70, 2700, 'Primo ufficiale'),
(73, 3100, 'Comandante'),
(74, 2600, 'Primo ufficiale'),
(77, 3000, 'Comandante'),
(78, 2500, 'Primo ufficiale'),
(81, 2900, 'Comandante'),
(82, 2400, 'Primo ufficiale'),
(85, 2800, 'Comandante'),
(86, 2300, 'Primo ufficiale'),
(89, 2700, 'Comandante'),
(90, 2200, 'Primo ufficiale'),
(93, 2600, 'Comandante'),
(94, 2100, 'Primo ufficiale'),
(97, 2500, 'Comandante'),
(98, 2000, 'Primo ufficiale');



